"ImageId","Label"
1,"0"
2,"1"
3,"8"
4,"1"
5,"0"
6,"8"
7,"2"
8,"3"
9,"9"
10,"4"
11,"1"
12,"3"
13,"5"
14,"9"
15,"6"
16,"2"
17,"8"
18,"9"
19,"6"
20,"5"
21,"8"
22,"6"
23,"7"
24,"6"
25,"0"
26,"7"
27,"1"
28,"0"
29,"0"
30,"3"
31,"9"
32,"2"
33,"4"
34,"7"
35,"2"
36,"2"
37,"2"
38,"6"
39,"0"
40,"3"
41,"1"
42,"6"
43,"2"
44,"5"
45,"4"
46,"3"
47,"1"
48,"1"
49,"7"
50,"2"
51,"2"
52,"6"
53,"9"
54,"0"
55,"0"
56,"8"
57,"9"
58,"9"
59,"5"
60,"5"
61,"8"
62,"2"
63,"7"
64,"6"
65,"2"
66,"9"
67,"2"
68,"4"
69,"2"
70,"9"
71,"6"
72,"3"
73,"5"
74,"1"
75,"6"
76,"1"
77,"1"
78,"8"
79,"8"
80,"6"
81,"2"
82,"9"
83,"4"
84,"9"
85,"8"
86,"9"
87,"6"
88,"2"
89,"2"
90,"9"
91,"2"
92,"3"
93,"9"
94,"7"
95,"4"
96,"7"
97,"1"
98,"2"
99,"4"
100,"2"
101,"1"
102,"2"
103,"2"
104,"1"
105,"9"
106,"0"
107,"5"
108,"2"
109,"3"
110,"7"
111,"6"
112,"0"
113,"7"
114,"3"
115,"6"
116,"9"
117,"0"
118,"8"
119,"1"
120,"1"
121,"4"
122,"5"
123,"2"
124,"3"
125,"7"
126,"8"
127,"1"
128,"6"
129,"8"
130,"3"
131,"8"
132,"6"
133,"6"
134,"0"
135,"0"
136,"5"
137,"0"
138,"3"
139,"3"
140,"0"
141,"6"
142,"6"
143,"6"
144,"6"
145,"0"
146,"0"
147,"2"
148,"0"
149,"1"
150,"4"
151,"5"
152,"8"
153,"8"
154,"2"
155,"7"
156,"8"
157,"7"
158,"4"
159,"3"
160,"7"
161,"4"
162,"6"
163,"7"
164,"7"
165,"2"
166,"7"
167,"9"
168,"2"
169,"4"
170,"9"
171,"8"
172,"2"
173,"7"
174,"8"
175,"3"
176,"2"
177,"0"
178,"3"
179,"5"
180,"9"
181,"6"
182,"7"
183,"9"
184,"7"
185,"8"
186,"1"
187,"7"
188,"3"
189,"5"
190,"6"
191,"4"
192,"5"
193,"9"
194,"5"
195,"9"
196,"9"
197,"2"
198,"8"
199,"5"
200,"5"
201,"1"
202,"9"
203,"9"
204,"4"
205,"5"
206,"6"
207,"8"
208,"4"
209,"9"
210,"3"
211,"8"
212,"5"
213,"8"
214,"2"
215,"5"
216,"8"
217,"8"
218,"5"
219,"6"
220,"1"
221,"9"
222,"0"
223,"1"
224,"1"
225,"6"
226,"9"
227,"9"
228,"7"
229,"5"
230,"1"
231,"2"
232,"2"
233,"2"
234,"0"
235,"9"
236,"4"
237,"4"
238,"2"
239,"9"
240,"0"
241,"5"
242,"6"
243,"5"
244,"6"
245,"0"
246,"2"
247,"8"
248,"6"
249,"5"
250,"8"
251,"6"
252,"9"
253,"2"
254,"8"
255,"6"
256,"1"
257,"6"
258,"1"
259,"4"
260,"9"
261,"7"
262,"0"
263,"6"
264,"7"
265,"0"
266,"8"
267,"2"
268,"3"
269,"3"
270,"2"
271,"9"
272,"0"
273,"1"
274,"3"
275,"6"
276,"4"
277,"8"
278,"7"
279,"7"
280,"1"
281,"5"
282,"8"
283,"9"
284,"9"
285,"6"
286,"4"
287,"5"
288,"5"
289,"6"
290,"6"
291,"3"
292,"6"
293,"2"
294,"6"
295,"7"
296,"0"
297,"2"
298,"2"
299,"8"
300,"3"
301,"0"
302,"1"
303,"2"
304,"6"
305,"9"
306,"7"
307,"7"
308,"6"
309,"2"
310,"5"
311,"9"
312,"9"
313,"9"
314,"2"
315,"8"
316,"4"
317,"5"
318,"9"
319,"0"
320,"4"
321,"4"
322,"0"
323,"2"
324,"4"
325,"5"
326,"7"
327,"2"
328,"9"
329,"9"
330,"4"
331,"2"
332,"0"
333,"5"
334,"9"
335,"8"
336,"2"
337,"0"
338,"9"
339,"2"
340,"3"
341,"8"
342,"6"
343,"1"
344,"5"
345,"3"
346,"6"
347,"4"
348,"6"
349,"8"
350,"4"
351,"3"
352,"3"
353,"3"
354,"5"
355,"4"
356,"8"
357,"8"
358,"1"
359,"9"
360,"3"
361,"5"
362,"8"
363,"9"
364,"3"
365,"6"
366,"2"
367,"3"
368,"7"
369,"2"
370,"5"
371,"1"
372,"8"
373,"8"
374,"2"
375,"5"
376,"4"
377,"2"
378,"4"
379,"3"
380,"6"
381,"7"
382,"4"
383,"1"
384,"9"
385,"9"
386,"9"
387,"9"
388,"0"
389,"1"
390,"3"
391,"8"
392,"6"
393,"2"
394,"1"
395,"3"
396,"7"
397,"7"
398,"5"
399,"8"
400,"1"
401,"1"
402,"4"
403,"7"
404,"2"
405,"1"
406,"0"
407,"9"
408,"1"
409,"6"
410,"5"
411,"7"
412,"0"
413,"3"
414,"7"
415,"4"
416,"8"
417,"6"
418,"8"
419,"4"
420,"0"
421,"9"
422,"7"
423,"1"
424,"2"
425,"6"
426,"4"
427,"3"
428,"7"
429,"5"
430,"1"
431,"6"
432,"1"
433,"2"
434,"8"
435,"0"
436,"8"
437,"1"
438,"3"
439,"0"
440,"2"
441,"5"
442,"3"
443,"1"
444,"3"
445,"7"
446,"9"
447,"7"
448,"7"
449,"6"
450,"2"
451,"4"
452,"2"
453,"1"
454,"5"
455,"9"
456,"1"
457,"3"
458,"5"
459,"0"
460,"8"
461,"4"
462,"1"
463,"0"
464,"4"
465,"4"
466,"5"
467,"1"
468,"5"
469,"9"
470,"9"
471,"6"
472,"4"
473,"7"
474,"5"
475,"7"
476,"3"
477,"5"
478,"4"
479,"8"
480,"4"
481,"5"
482,"1"
483,"2"
484,"1"
485,"2"
486,"7"
487,"3"
488,"8"
489,"7"
490,"4"
491,"4"
492,"2"
493,"9"
494,"2"
495,"1"
496,"0"
497,"2"
498,"0"
499,"7"
500,"2"
501,"3"
502,"9"
503,"2"
504,"3"
505,"1"
506,"6"
507,"0"
508,"3"
509,"2"
510,"8"
511,"0"
512,"7"
513,"4"
514,"1"
515,"1"
516,"7"
517,"7"
518,"6"
519,"7"
520,"0"
521,"2"
522,"2"
523,"7"
524,"7"
525,"0"
526,"1"
527,"1"
528,"2"
529,"9"
530,"5"
531,"6"
532,"4"
533,"7"
534,"0"
535,"4"
536,"0"
537,"7"
538,"1"
539,"3"
540,"6"
541,"7"
542,"8"
543,"7"
544,"8"
545,"3"
546,"4"
547,"3"
548,"9"
549,"1"
550,"9"
551,"0"
552,"1"
553,"9"
554,"9"
555,"7"
556,"1"
557,"5"
558,"7"
559,"4"
560,"5"
561,"5"
562,"7"
563,"0"
564,"1"
565,"5"
566,"3"
567,"7"
568,"2"
569,"2"
570,"9"
571,"8"
572,"3"
573,"3"
574,"3"
575,"2"
576,"8"
577,"6"
578,"2"
579,"4"
580,"1"
581,"7"
582,"8"
583,"9"
584,"0"
585,"5"
586,"2"
587,"3"
588,"5"
589,"4"
590,"9"
591,"0"
592,"9"
593,"4"
594,"8"
595,"2"
596,"8"
597,"7"
598,"0"
599,"5"
600,"3"
601,"5"
602,"0"
603,"9"
604,"1"
605,"7"
606,"6"
607,"2"
608,"5"
609,"3"
610,"2"
611,"0"
612,"7"
613,"2"
614,"0"
615,"3"
616,"2"
617,"2"
618,"3"
619,"0"
620,"9"
621,"9"
622,"3"
623,"2"
624,"7"
625,"5"
626,"8"
627,"7"
628,"8"
629,"9"
630,"3"
631,"7"
632,"3"
633,"7"
634,"0"
635,"9"
636,"7"
637,"3"
638,"6"
639,"9"
640,"8"
641,"2"
642,"9"
643,"1"
644,"3"
645,"1"
646,"6"
647,"0"
648,"7"
649,"9"
650,"7"
651,"8"
652,"6"
653,"8"
654,"1"
655,"4"
656,"6"
657,"8"
658,"0"
659,"9"
660,"8"
661,"4"
662,"8"
663,"9"
664,"6"
665,"0"
666,"0"
667,"7"
668,"3"
669,"2"
670,"3"
671,"6"
672,"2"
673,"0"
674,"4"
675,"4"
676,"6"
677,"7"
678,"5"
679,"8"
680,"2"
681,"2"
682,"4"
683,"7"
684,"5"
685,"5"
686,"9"
687,"3"
688,"5"
689,"5"
690,"0"
691,"2"
692,"5"
693,"6"
694,"2"
695,"8"
696,"9"
697,"2"
698,"6"
699,"7"
700,"5"
701,"7"
702,"0"
703,"3"
704,"3"
705,"1"
706,"3"
707,"8"
708,"0"
709,"8"
710,"6"
711,"3"
712,"7"
713,"6"
714,"0"
715,"7"
716,"7"
717,"4"
718,"0"
719,"3"
720,"3"
721,"7"
722,"8"
723,"5"
724,"3"
725,"1"
726,"3"
727,"8"
728,"4"
729,"1"
730,"4"
731,"2"
732,"6"
733,"8"
734,"6"
735,"2"
736,"3"
737,"6"
738,"8"
739,"0"
740,"6"
741,"5"
742,"7"
743,"6"
744,"7"
745,"3"
746,"2"
747,"9"
748,"9"
749,"1"
750,"6"
751,"2"
752,"9"
753,"4"
754,"4"
755,"7"
756,"2"
757,"2"
758,"9"
759,"1"
760,"3"
761,"2"
762,"4"
763,"6"
764,"0"
765,"6"
766,"6"
767,"0"
768,"3"
769,"1"
770,"4"
771,"1"
772,"6"
773,"2"
774,"4"
775,"6"
776,"0"
777,"3"
778,"0"
779,"6"
780,"6"
781,"3"
782,"8"
783,"0"
784,"9"
785,"2"
786,"2"
787,"3"
788,"3"
789,"6"
790,"5"
791,"4"
792,"8"
793,"7"
794,"6"
795,"0"
796,"0"
797,"8"
798,"3"
799,"7"
800,"7"
801,"3"
802,"0"
803,"6"
804,"6"
805,"7"
806,"8"
807,"0"
808,"4"
809,"7"
810,"8"
811,"4"
812,"1"
813,"0"
814,"0"
815,"5"
816,"1"
817,"5"
818,"9"
819,"3"
820,"7"
821,"1"
822,"6"
823,"0"
824,"5"
825,"2"
826,"4"
827,"7"
828,"8"
829,"1"
830,"7"
831,"6"
832,"6"
833,"9"
834,"0"
835,"3"
836,"5"
837,"2"
838,"4"
839,"3"
840,"1"
841,"4"
842,"1"
843,"8"
844,"5"
845,"6"
846,"5"
847,"9"
848,"5"
849,"8"
850,"0"
851,"0"
852,"8"
853,"8"
854,"3"
855,"1"
856,"2"
857,"3"
858,"0"
859,"5"
860,"3"
861,"6"
862,"2"
863,"2"
864,"8"
865,"7"
866,"4"
867,"0"
868,"1"
869,"6"
870,"4"
871,"3"
872,"1"
873,"4"
874,"1"
875,"5"
876,"7"
877,"4"
878,"3"
879,"0"
880,"0"
881,"9"
882,"8"
883,"5"
884,"3"
885,"2"
886,"7"
887,"7"
888,"7"
889,"5"
890,"2"
891,"7"
892,"8"
893,"0"
894,"2"
895,"5"
896,"8"
897,"8"
898,"1"
899,"5"
900,"7"
901,"0"
902,"0"
903,"1"
904,"7"
905,"1"
906,"8"
907,"6"
908,"9"
909,"0"
910,"0"
911,"9"
912,"9"
913,"8"
914,"9"
915,"3"
916,"2"
917,"2"
918,"1"
919,"4"
920,"3"
921,"7"
922,"3"
923,"9"
924,"2"
925,"7"
926,"8"
927,"8"
928,"7"
929,"9"
930,"7"
931,"7"
932,"4"
933,"9"
934,"3"
935,"4"
936,"4"
937,"7"
938,"2"
939,"8"
940,"8"
941,"2"
942,"4"
943,"4"
944,"1"
945,"0"
946,"7"
947,"6"
948,"3"
949,"5"
950,"1"
951,"0"
952,"6"
953,"4"
954,"8"
955,"5"
956,"6"
957,"5"
958,"3"
959,"2"
960,"6"
961,"0"
962,"3"
963,"9"
964,"8"
965,"7"
966,"1"
967,"1"
968,"6"
969,"4"
970,"7"
971,"6"
972,"1"
973,"1"
974,"1"
975,"3"
976,"3"
977,"8"
978,"9"
979,"4"
980,"4"
981,"9"
982,"0"
983,"8"
984,"7"
985,"1"
986,"2"
987,"7"
988,"0"
989,"4"
990,"1"
991,"8"
992,"4"
993,"9"
994,"1"
995,"4"
996,"4"
997,"3"
998,"1"
999,"9"
1000,"8"
1001,"4"
1002,"8"
1003,"8"
1004,"6"
1005,"1"
1006,"6"
1007,"0"
1008,"9"
1009,"7"
1010,"7"
1011,"6"
1012,"5"
1013,"2"
1014,"2"
1015,"5"
1016,"7"
1017,"1"
1018,"7"
1019,"2"
1020,"2"
1021,"9"
1022,"7"
1023,"8"
1024,"4"
1025,"2"
1026,"3"
1027,"1"
1028,"1"
1029,"1"
1030,"6"
1031,"6"
1032,"2"
1033,"3"
1034,"5"
1035,"7"
1036,"7"
1037,"2"
1038,"6"
1039,"8"
1040,"8"
1041,"1"
1042,"6"
1043,"8"
1044,"9"
1045,"9"
1046,"0"
1047,"9"
1048,"4"
1049,"4"
1050,"7"
1051,"1"
1052,"5"
1053,"4"
1054,"2"
1055,"3"
1056,"7"
1057,"6"
1058,"6"
1059,"8"
1060,"2"
1061,"7"
1062,"0"
1063,"4"
1064,"4"
1065,"5"
1066,"5"
1067,"0"
1068,"9"
1069,"5"
1070,"0"
1071,"4"
1072,"0"
1073,"8"
1074,"3"
1075,"0"
1076,"2"
1077,"7"
1078,"8"
1079,"9"
1080,"7"
1081,"8"
1082,"1"
1083,"1"
1084,"6"
1085,"6"
1086,"6"
1087,"4"
1088,"1"
1089,"0"
1090,"7"
1091,"4"
1092,"0"
1093,"9"
1094,"9"
1095,"0"
1096,"4"
1097,"5"
1098,"6"
1099,"4"
1100,"2"
1101,"9"
1102,"4"
1103,"3"
1104,"0"
1105,"2"
1106,"2"
1107,"5"
1108,"5"
1109,"8"
1110,"1"
1111,"0"
1112,"9"
1113,"2"
1114,"9"
1115,"3"
1116,"8"
1117,"0"
1118,"8"
1119,"4"
1120,"1"
1121,"6"
1122,"0"
1123,"0"
1124,"6"
1125,"2"
1126,"6"
1127,"4"
1128,"8"
1129,"0"
1130,"7"
1131,"6"
1132,"2"
1133,"7"
1134,"3"
1135,"3"
1136,"1"
1137,"3"
1138,"8"
1139,"7"
1140,"4"
1141,"8"
1142,"8"
1143,"7"
1144,"9"
1145,"4"
1146,"7"
1147,"7"
1148,"1"
1149,"8"
1150,"9"
1151,"7"
1152,"7"
1153,"5"
1154,"6"
1155,"3"
1156,"0"
1157,"0"
1158,"6"
1159,"0"
1160,"6"
1161,"7"
1162,"3"
1163,"3"
1164,"7"
1165,"0"
1166,"7"
1167,"6"
1168,"3"
1169,"2"
1170,"7"
1171,"0"
1172,"8"
1173,"6"
1174,"4"
1175,"4"
1176,"0"
1177,"0"
1178,"6"
1179,"6"
1180,"2"
1181,"8"
1182,"9"
1183,"1"
1184,"2"
1185,"2"
1186,"0"
1187,"6"
1188,"7"
1189,"2"
1190,"0"
1191,"8"
1192,"8"
1193,"2"
1194,"5"
1195,"4"
1196,"2"
1197,"6"
1198,"9"
1199,"2"
1200,"9"
1201,"0"
1202,"7"
1203,"1"
1204,"0"
1205,"2"
1206,"2"
1207,"9"
1208,"6"
1209,"5"
1210,"9"
1211,"9"
1212,"5"
1213,"0"
1214,"0"
1215,"7"
1216,"7"
1217,"7"
1218,"8"
1219,"7"
1220,"7"
1221,"7"
1222,"8"
1223,"1"
1224,"0"
1225,"8"
1226,"4"
1227,"9"
1228,"4"
1229,"9"
1230,"9"
1231,"2"
1232,"5"
1233,"9"
1234,"8"
1235,"9"
1236,"4"
1237,"1"
1238,"7"
1239,"3"
1240,"5"
1241,"3"
1242,"2"
1243,"6"
1244,"2"
1245,"2"
1246,"8"
1247,"1"
1248,"3"
1249,"0"
1250,"2"
1251,"1"
1252,"7"
1253,"2"
1254,"5"
1255,"7"
1256,"1"
1257,"7"
1258,"2"
1259,"5"
1260,"8"
1261,"9"
1262,"9"
1263,"4"
1264,"8"
1265,"6"
1266,"2"
1267,"4"
1268,"0"
1269,"6"
1270,"9"
1271,"8"
1272,"9"
1273,"6"
1274,"1"
1275,"6"
1276,"9"
1277,"4"
1278,"0"
1279,"5"
1280,"0"
1281,"9"
1282,"1"
1283,"7"
1284,"3"
1285,"1"
1286,"5"
1287,"3"
1288,"9"
1289,"0"
1290,"2"
1291,"5"
1292,"6"
1293,"0"
1294,"8"
1295,"2"
1296,"1"
1297,"2"
1298,"6"
1299,"8"
1300,"7"
1301,"7"
1302,"8"
1303,"5"
1304,"0"
1305,"0"
1306,"6"
1307,"2"
1308,"7"
1309,"1"
1310,"4"
1311,"3"
1312,"4"
1313,"7"
1314,"7"
1315,"5"
1316,"3"
1317,"7"
1318,"1"
1319,"8"
1320,"8"
1321,"8"
1322,"9"
1323,"2"
1324,"5"
1325,"1"
1326,"3"
1327,"1"
1328,"5"
1329,"2"
1330,"0"
1331,"3"
1332,"6"
1333,"1"
1334,"9"
1335,"8"
1336,"6"
1337,"3"
1338,"6"
1339,"1"
1340,"3"
1341,"7"
1342,"8"
1343,"7"
1344,"2"
1345,"7"
1346,"3"
1347,"2"
1348,"4"
1349,"2"
1350,"9"
1351,"3"
1352,"3"
1353,"9"
1354,"4"
1355,"5"
1356,"1"
1357,"8"
1358,"2"
1359,"8"
1360,"5"
1361,"9"
1362,"9"
1363,"0"
1364,"0"
1365,"5"
1366,"4"
1367,"5"
1368,"2"
1369,"2"
1370,"0"
1371,"7"
1372,"8"
1373,"4"
1374,"4"
1375,"0"
1376,"1"
1377,"4"
1378,"6"
1379,"1"
1380,"8"
1381,"1"
1382,"1"
1383,"3"
1384,"9"
1385,"6"
1386,"4"
1387,"9"
1388,"0"
1389,"1"
1390,"3"
1391,"5"
1392,"9"
1393,"6"
1394,"5"
1395,"4"
1396,"5"
1397,"1"
1398,"8"
1399,"2"
1400,"0"
1401,"3"
1402,"1"
1403,"9"
1404,"9"
1405,"8"
1406,"9"
1407,"4"
1408,"2"
1409,"1"
1410,"0"
1411,"6"
1412,"3"
1413,"2"
1414,"8"
1415,"3"
1416,"0"
1417,"6"
1418,"6"
1419,"5"
1420,"7"
1421,"8"
1422,"8"
1423,"9"
1424,"7"
1425,"5"
1426,"9"
1427,"1"
1428,"9"
1429,"2"
1430,"0"
1431,"2"
1432,"5"
1433,"4"
1434,"2"
1435,"3"
1436,"7"
1437,"8"
1438,"6"
1439,"0"
1440,"6"
1441,"1"
1442,"1"
1443,"4"
1444,"5"
1445,"6"
1446,"6"
1447,"1"
1448,"8"
1449,"3"
1450,"7"
1451,"0"
1452,"4"
1453,"8"
1454,"5"
1455,"8"
1456,"4"
1457,"4"
1458,"5"
1459,"4"
1460,"2"
1461,"5"
1462,"6"
1463,"9"
1464,"4"
1465,"5"
1466,"6"
1467,"3"
1468,"4"
1469,"1"
1470,"6"
1471,"4"
1472,"0"
1473,"6"
1474,"6"
1475,"4"
1476,"4"
1477,"1"
1478,"7"
1479,"0"
1480,"2"
1481,"6"
1482,"8"
1483,"1"
1484,"7"
1485,"3"
1486,"7"
1487,"3"
1488,"4"
1489,"6"
1490,"9"
1491,"3"
1492,"1"
1493,"8"
1494,"7"
1495,"4"
1496,"7"
1497,"4"
1498,"7"
1499,"3"
1500,"1"
1501,"1"
1502,"6"
1503,"2"
1504,"2"
1505,"9"
1506,"5"
1507,"9"
1508,"7"
1509,"2"
1510,"9"
1511,"3"
1512,"4"
1513,"0"
1514,"1"
1515,"8"
1516,"1"
1517,"3"
1518,"4"
1519,"3"
1520,"0"
1521,"1"
1522,"3"
1523,"7"
1524,"6"
1525,"4"
1526,"1"
1527,"8"
1528,"6"
1529,"0"
1530,"2"
1531,"5"
1532,"1"
1533,"7"
1534,"7"
1535,"4"
1536,"3"
1537,"1"
1538,"3"
1539,"5"
1540,"7"
1541,"4"
1542,"8"
1543,"1"
1544,"8"
1545,"1"
1546,"9"
1547,"4"
1548,"3"
1549,"9"
1550,"3"
1551,"7"
1552,"2"
1553,"7"
1554,"3"
1555,"4"
1556,"1"
1557,"1"
1558,"1"
1559,"8"
1560,"4"
1561,"5"
1562,"0"
1563,"6"
1564,"6"
1565,"8"
1566,"4"
1567,"7"
1568,"5"
1569,"5"
1570,"5"
1571,"8"
1572,"6"
1573,"7"
1574,"8"
1575,"0"
1576,"1"
1577,"3"
1578,"5"
1579,"7"
1580,"6"
1581,"1"
1582,"1"
1583,"6"
1584,"2"
1585,"4"
1586,"0"
1587,"5"
1588,"2"
1589,"0"
1590,"2"
1591,"6"
1592,"3"
1593,"3"
1594,"1"
1595,"6"
1596,"3"
1597,"0"
1598,"3"
1599,"3"
1600,"2"
1601,"4"
1602,"8"
1603,"9"
1604,"9"
1605,"6"
1606,"8"
1607,"2"
1608,"9"
1609,"5"
1610,"4"
1611,"4"
1612,"1"
1613,"6"
1614,"6"
1615,"7"
1616,"1"
1617,"1"
1618,"7"
1619,"5"
1620,"5"
1621,"0"
1622,"1"
1623,"6"
1624,"6"
1625,"0"
1626,"0"
1627,"8"
1628,"5"
1629,"8"
1630,"7"
1631,"5"
1632,"8"
1633,"0"
1634,"5"
1635,"4"
1636,"4"
1637,"4"
1638,"7"
1639,"3"
1640,"0"
1641,"2"
1642,"5"
1643,"4"
1644,"9"
1645,"4"
1646,"7"
1647,"1"
1648,"6"
1649,"6"
1650,"5"
1651,"1"
1652,"9"
1653,"5"
1654,"2"
1655,"2"
1656,"8"
1657,"2"
1658,"0"
1659,"0"
1660,"7"
1661,"6"
1662,"2"
1663,"9"
1664,"1"
1665,"4"
1666,"4"
1667,"0"
1668,"8"
1669,"9"
1670,"9"
1671,"1"
1672,"9"
1673,"3"
1674,"3"
1675,"8"
1676,"2"
1677,"8"
1678,"3"
1679,"0"
1680,"9"
1681,"5"
1682,"5"
1683,"9"
1684,"9"
1685,"6"
1686,"1"
1687,"7"
1688,"8"
1689,"4"
1690,"5"
1691,"0"
1692,"1"
1693,"6"
1694,"8"
1695,"8"
1696,"9"
1697,"1"
1698,"3"
1699,"5"
1700,"3"
1701,"7"
1702,"4"
1703,"2"
1704,"1"
1705,"5"
1706,"5"
1707,"7"
1708,"0"
1709,"6"
1710,"7"
1711,"3"
1712,"9"
1713,"1"
1714,"1"
1715,"3"
1716,"9"
1717,"9"
1718,"7"
1719,"1"
1720,"7"
1721,"6"
1722,"0"
1723,"8"
1724,"0"
1725,"3"
1726,"6"
1727,"2"
1728,"4"
1729,"3"
1730,"1"
1731,"6"
1732,"7"
1733,"4"
1734,"2"
1735,"5"
1736,"2"
1737,"0"
1738,"4"
1739,"8"
1740,"5"
1741,"5"
1742,"4"
1743,"6"
1744,"8"
1745,"5"
1746,"9"
1747,"5"
1748,"2"
1749,"3"
1750,"1"
1751,"1"
1752,"3"
1753,"1"
1754,"1"
1755,"0"
1756,"2"
1757,"1"
1758,"1"
1759,"0"
1760,"6"
1761,"2"
1762,"6"
1763,"8"
1764,"6"
1765,"5"
1766,"8"
1767,"0"
1768,"9"
1769,"6"
1770,"6"
1771,"2"
1772,"3"
1773,"9"
1774,"2"
1775,"6"
1776,"2"
1777,"6"
1778,"5"
1779,"9"
1780,"4"
1781,"5"
1782,"6"
1783,"3"
1784,"6"
1785,"6"
1786,"7"
1787,"4"
1788,"0"
1789,"8"
1790,"7"
1791,"4"
1792,"2"
1793,"1"
1794,"5"
1795,"3"
1796,"9"
1797,"8"
1798,"5"
1799,"2"
1800,"6"
1801,"7"
1802,"7"
1803,"5"
1804,"6"
1805,"6"
1806,"1"
1807,"5"
1808,"5"
1809,"5"
1810,"0"
1811,"4"
1812,"0"
1813,"3"
1814,"4"
1815,"1"
1816,"5"
1817,"6"
1818,"4"
1819,"2"
1820,"8"
1821,"9"
1822,"0"
1823,"1"
1824,"6"
1825,"6"
1826,"9"
1827,"3"
1828,"2"
1829,"6"
1830,"6"
1831,"3"
1832,"8"
1833,"5"
1834,"1"
1835,"5"
1836,"5"
1837,"8"
1838,"2"
1839,"6"
1840,"2"
1841,"7"
1842,"7"
1843,"2"
1844,"6"
1845,"1"
1846,"2"
1847,"3"
1848,"4"
1849,"9"
1850,"3"
1851,"3"
1852,"1"
1853,"7"
1854,"7"
1855,"8"
1856,"1"
1857,"6"
1858,"0"
1859,"8"
1860,"8"
1861,"1"
1862,"1"
1863,"9"
1864,"3"
1865,"3"
1866,"3"
1867,"6"
1868,"2"
1869,"1"
1870,"1"
1871,"6"
1872,"7"
1873,"1"
1874,"2"
1875,"7"
1876,"1"
1877,"5"
1878,"2"
1879,"9"
1880,"8"
1881,"9"
1882,"4"
1883,"3"
1884,"9"
1885,"0"
1886,"8"
1887,"6"
1888,"9"
1889,"6"
1890,"5"
1891,"1"
1892,"9"
1893,"8"
1894,"7"
1895,"6"
1896,"5"
1897,"7"
1898,"4"
1899,"7"
1900,"9"
1901,"3"
1902,"5"
1903,"7"
1904,"3"
1905,"9"
1906,"9"
1907,"5"
1908,"1"
1909,"0"
1910,"9"
1911,"4"
1912,"9"
1913,"4"
1914,"8"
1915,"1"
1916,"1"
1917,"4"
1918,"1"
1919,"6"
1920,"9"
1921,"0"
1922,"9"
1923,"2"
1924,"8"
1925,"9"
1926,"1"
1927,"7"
1928,"7"
1929,"6"
1930,"1"
1931,"2"
1932,"1"
1933,"6"
1934,"3"
1935,"4"
1936,"6"
1937,"5"
1938,"6"
1939,"9"
1940,"9"
1941,"8"
1942,"9"
1943,"5"
1944,"2"
1945,"6"
1946,"5"
1947,"8"
1948,"4"
1949,"1"
1950,"3"
1951,"1"
1952,"0"
1953,"2"
1954,"7"
1955,"5"
1956,"2"
1957,"2"
1958,"5"
1959,"9"
1960,"2"
1961,"6"
1962,"0"
1963,"2"
1964,"3"
1965,"6"
1966,"3"
1967,"0"
1968,"4"
1969,"7"
1970,"8"
1971,"5"
1972,"8"
1973,"0"
1974,"8"
1975,"4"
1976,"7"
1977,"5"
1978,"8"
1979,"7"
1980,"2"
1981,"7"
1982,"6"
1983,"7"
1984,"0"
1985,"8"
1986,"7"
1987,"6"
1988,"7"
1989,"3"
1990,"1"
1991,"1"
1992,"7"
1993,"5"
1994,"3"
1995,"0"
1996,"5"
1997,"0"
1998,"7"
1999,"8"
2000,"5"
2001,"9"
2002,"8"
2003,"1"
2004,"9"
2005,"7"
2006,"7"
2007,"4"
2008,"7"
2009,"7"
2010,"2"
2011,"8"
2012,"8"
2013,"3"
2014,"6"
2015,"5"
2016,"7"
2017,"5"
2018,"4"
2019,"3"
2020,"0"
2021,"7"
2022,"4"
2023,"4"
2024,"4"
2025,"8"
2026,"1"
2027,"4"
2028,"5"
2029,"5"
2030,"5"
2031,"2"
2032,"4"
2033,"5"
2034,"1"
2035,"9"
2036,"3"
2037,"1"
2038,"6"
2039,"2"
2040,"2"
2041,"6"
2042,"6"
2043,"0"
2044,"6"
2045,"3"
2046,"6"
2047,"4"
2048,"1"
2049,"4"
2050,"1"
2051,"3"
2052,"3"
2053,"7"
2054,"9"
2055,"5"
2056,"5"
2057,"0"
2058,"5"
2059,"9"
2060,"8"
2061,"4"
2062,"4"
2063,"3"
2064,"1"
2065,"6"
2066,"8"
2067,"8"
2068,"5"
2069,"7"
2070,"5"
2071,"4"
2072,"7"
2073,"1"
2074,"4"
2075,"2"
2076,"8"
2077,"5"
2078,"5"
2079,"7"
2080,"0"
2081,"6"
2082,"6"
2083,"4"
2084,"5"
2085,"5"
2086,"1"
2087,"1"
2088,"1"
2089,"8"
2090,"4"
2091,"0"
2092,"6"
2093,"9"
2094,"9"
2095,"9"
2096,"4"
2097,"2"
2098,"0"
2099,"1"
2100,"6"
2101,"5"
2102,"5"
2103,"1"
2104,"8"
2105,"1"
2106,"4"
2107,"9"
2108,"9"
2109,"7"
2110,"8"
2111,"8"
2112,"5"
2113,"7"
2114,"2"
2115,"7"
2116,"5"
2117,"7"
2118,"8"
2119,"4"
2120,"2"
2121,"1"
2122,"1"
2123,"1"
2124,"8"
2125,"3"
2126,"0"
2127,"9"
2128,"4"
2129,"6"
2130,"9"
2131,"6"
2132,"8"
2133,"9"
2134,"9"
2135,"0"
2136,"6"
2137,"0"
2138,"0"
2139,"7"
2140,"1"
2141,"0"
2142,"4"
2143,"1"
2144,"5"
2145,"4"
2146,"6"
2147,"9"
2148,"9"
2149,"9"
2150,"4"
2151,"6"
2152,"6"
2153,"0"
2154,"9"
2155,"8"
2156,"2"
2157,"5"
2158,"6"
2159,"5"
2160,"3"
2161,"7"
2162,"9"
2163,"1"
2164,"4"
2165,"5"
2166,"1"
2167,"0"
2168,"2"
2169,"6"
2170,"7"
2171,"8"
2172,"8"
2173,"9"
2174,"6"
2175,"1"
2176,"7"
2177,"5"
2178,"8"
2179,"5"
2180,"4"
2181,"8"
2182,"1"
2183,"7"
2184,"0"
2185,"9"
2186,"4"
2187,"9"
2188,"3"
2189,"3"
2190,"6"
2191,"0"
2192,"5"
2193,"1"
2194,"6"
2195,"3"
2196,"1"
2197,"2"
2198,"8"
2199,"0"
2200,"7"
2201,"8"
2202,"1"
2203,"1"
2204,"2"
2205,"2"
2206,"0"
2207,"6"
2208,"5"
2209,"1"
2210,"3"
2211,"7"
2212,"6"
2213,"1"
2214,"8"
2215,"1"
2216,"3"
2217,"1"
2218,"6"
2219,"2"
2220,"3"
2221,"4"
2222,"9"
2223,"9"
2224,"0"
2225,"1"
2226,"1"
2227,"3"
2228,"2"
2229,"4"
2230,"4"
2231,"7"
2232,"8"
2233,"8"
2234,"2"
2235,"9"
2236,"1"
2237,"5"
2238,"5"
2239,"6"
2240,"2"
2241,"4"
2242,"9"
2243,"0"
2244,"1"
2245,"5"
2246,"0"
2247,"2"
2248,"7"
2249,"1"
2250,"6"
2251,"0"
2252,"1"
2253,"8"
2254,"8"
2255,"0"
2256,"2"
2257,"3"
2258,"2"
2259,"9"
2260,"6"
2261,"1"
2262,"7"
2263,"9"
2264,"8"
2265,"4"
2266,"5"
2267,"6"
2268,"1"
2269,"7"
2270,"6"
2271,"7"
2272,"0"
2273,"3"
2274,"5"
2275,"7"
2276,"4"
2277,"7"
2278,"0"
2279,"3"
2280,"1"
2281,"7"
2282,"4"
2283,"3"
2284,"7"
2285,"6"
2286,"8"
2287,"6"
2288,"2"
2289,"0"
2290,"7"
2291,"1"
2292,"1"
2293,"8"
2294,"6"
2295,"5"
2296,"3"
2297,"6"
2298,"0"
2299,"7"
2300,"4"
2301,"3"
2302,"3"
2303,"8"
2304,"3"
2305,"8"
2306,"6"
2307,"1"
2308,"0"
2309,"3"
2310,"6"
2311,"3"
2312,"6"
2313,"9"
2314,"1"
2315,"6"
2316,"8"
2317,"3"
2318,"0"
2319,"5"
2320,"9"
2321,"1"
2322,"8"
2323,"9"
2324,"1"
2325,"9"
2326,"6"
2327,"3"
2328,"3"
2329,"3"
2330,"1"
2331,"1"
2332,"5"
2333,"9"
2334,"2"
2335,"1"
2336,"6"
2337,"5"
2338,"9"
2339,"7"
2340,"8"
2341,"1"
2342,"9"
2343,"2"
2344,"4"
2345,"9"
2346,"8"
2347,"1"
2348,"5"
2349,"7"
2350,"7"
2351,"2"
2352,"5"
2353,"3"
2354,"4"
2355,"3"
2356,"4"
2357,"7"
2358,"2"
2359,"1"
2360,"7"
2361,"5"
2362,"1"
2363,"0"
2364,"1"
2365,"8"
2366,"9"
2367,"5"
2368,"4"
2369,"0"
2370,"3"
2371,"4"
2372,"4"
2373,"7"
2374,"9"
2375,"8"
2376,"9"
2377,"8"
2378,"1"
2379,"7"
2380,"9"
2381,"7"
2382,"6"
2383,"4"
2384,"1"
2385,"0"
2386,"6"
2387,"3"
2388,"4"
2389,"4"
2390,"4"
2391,"5"
2392,"3"
2393,"0"
2394,"2"
2395,"4"
2396,"4"
2397,"8"
2398,"8"
2399,"5"
2400,"3"
2401,"1"
2402,"4"
2403,"9"
2404,"1"
2405,"6"
2406,"5"
2407,"9"
2408,"8"
2409,"3"
2410,"6"
2411,"3"
2412,"3"
2413,"2"
2414,"3"
2415,"2"
2416,"7"
2417,"0"
2418,"5"
2419,"9"
2420,"6"
2421,"6"
2422,"7"
2423,"7"
2424,"4"
2425,"0"
2426,"8"
2427,"5"
2428,"6"
2429,"0"
2430,"6"
2431,"0"
2432,"6"
2433,"4"
2434,"2"
2435,"3"
2436,"3"
2437,"0"
2438,"6"
2439,"1"
2440,"2"
2441,"5"
2442,"3"
2443,"7"
2444,"1"
2445,"9"
2446,"2"
2447,"6"
2448,"4"
2449,"3"
2450,"0"
2451,"9"
2452,"0"
2453,"8"
2454,"4"
2455,"8"
2456,"9"
2457,"3"
2458,"8"
2459,"1"
2460,"7"
2461,"2"
2462,"3"
2463,"4"
2464,"4"
2465,"1"
2466,"2"
2467,"1"
2468,"5"
2469,"8"
2470,"1"
2471,"3"
2472,"3"
2473,"3"
2474,"8"
2475,"4"
2476,"9"
2477,"7"
2478,"7"
2479,"5"
2480,"4"
2481,"0"
2482,"9"
2483,"3"
2484,"0"
2485,"1"
2486,"4"
2487,"9"
2488,"6"
2489,"4"
2490,"2"
2491,"7"
2492,"4"
2493,"3"
2494,"1"
2495,"1"
2496,"0"
2497,"1"
2498,"0"
2499,"0"
2500,"4"
2501,"1"
2502,"9"
2503,"2"
2504,"7"
2505,"0"
2506,"2"
2507,"3"
2508,"9"
2509,"2"
2510,"2"
2511,"8"
2512,"9"
2513,"2"
2514,"4"
2515,"2"
2516,"8"
2517,"8"
2518,"0"
2519,"4"
2520,"9"
2521,"6"
2522,"3"
2523,"1"
2524,"8"
2525,"3"
2526,"3"
2527,"4"
2528,"7"
2529,"7"
2530,"8"
2531,"6"
2532,"9"
2533,"7"
2534,"4"
2535,"6"
2536,"8"
2537,"0"
2538,"5"
2539,"9"
2540,"2"
2541,"1"
2542,"8"
2543,"4"
2544,"3"
2545,"8"
2546,"5"
2547,"8"
2548,"8"
2549,"4"
2550,"3"
2551,"8"
2552,"4"
2553,"8"
2554,"6"
2555,"3"
2556,"5"
2557,"0"
2558,"7"
2559,"3"
2560,"2"
2561,"3"
2562,"3"
2563,"8"
2564,"8"
2565,"9"
2566,"3"
2567,"5"
2568,"7"
2569,"7"
2570,"9"
2571,"9"
2572,"7"
2573,"1"
2574,"2"
2575,"3"
2576,"9"
2577,"4"
2578,"0"
2579,"0"
2580,"0"
2581,"4"
2582,"3"
2583,"8"
2584,"3"
2585,"1"
2586,"7"
2587,"7"
2588,"7"
2589,"4"
2590,"3"
2591,"5"
2592,"3"
2593,"0"
2594,"1"
2595,"5"
2596,"6"
2597,"2"
2598,"7"
2599,"7"
2600,"7"
2601,"4"
2602,"5"
2603,"5"
2604,"1"
2605,"4"
2606,"2"
2607,"0"
2608,"2"
2609,"3"
2610,"1"
2611,"8"
2612,"8"
2613,"5"
2614,"5"
2615,"0"
2616,"6"
2617,"1"
2618,"5"
2619,"8"
2620,"1"
2621,"9"
2622,"0"
2623,"9"
2624,"7"
2625,"1"
2626,"2"
2627,"9"
2628,"1"
2629,"8"
2630,"5"
2631,"3"
2632,"7"
2633,"0"
2634,"8"
2635,"8"
2636,"5"
2637,"0"
2638,"6"
2639,"1"
2640,"7"
2641,"7"
2642,"8"
2643,"4"
2644,"0"
2645,"2"
2646,"7"
2647,"2"
2648,"4"
2649,"2"
2650,"7"
2651,"7"
2652,"6"
2653,"7"
2654,"6"
2655,"3"
2656,"9"
2657,"8"
2658,"7"
2659,"2"
2660,"1"
2661,"0"
2662,"4"
2663,"1"
2664,"4"
2665,"2"
2666,"1"
2667,"6"
2668,"4"
2669,"0"
2670,"8"
2671,"9"
2672,"3"
2673,"1"
2674,"7"
2675,"0"
2676,"1"
2677,"5"
2678,"1"
2679,"4"
2680,"8"
2681,"6"
2682,"5"
2683,"7"
2684,"6"
2685,"8"
2686,"1"
2687,"7"
2688,"3"
2689,"1"
2690,"1"
2691,"8"
2692,"4"
2693,"2"
2694,"2"
2695,"5"
2696,"7"
2697,"8"
2698,"1"
2699,"0"
2700,"5"
2701,"2"
2702,"2"
2703,"0"
2704,"2"
2705,"8"
2706,"1"
2707,"7"
2708,"8"
2709,"8"
2710,"4"
2711,"9"
2712,"0"
2713,"9"
2714,"7"
2715,"0"
2716,"6"
2717,"9"
2718,"4"
2719,"6"
2720,"2"
2721,"4"
2722,"1"
2723,"1"
2724,"8"
2725,"9"
2726,"3"
2727,"4"
2728,"8"
2729,"3"
2730,"2"
2731,"2"
2732,"1"
2733,"1"
2734,"0"
2735,"4"
2736,"6"
2737,"4"
2738,"2"
2739,"5"
2740,"4"
2741,"1"
2742,"2"
2743,"4"
2744,"8"
2745,"2"
2746,"4"
2747,"4"
2748,"2"
2749,"4"
2750,"4"
2751,"3"
2752,"5"
2753,"7"
2754,"4"
2755,"7"
2756,"0"
2757,"8"
2758,"4"
2759,"6"
2760,"6"
2761,"6"
2762,"6"
2763,"9"
2764,"9"
2765,"5"
2766,"1"
2767,"0"
2768,"2"
2769,"9"
2770,"9"
2771,"8"
2772,"2"
2773,"7"
2774,"7"
2775,"0"
2776,"4"
2777,"4"
2778,"9"
2779,"6"
2780,"2"
2781,"7"
2782,"7"
2783,"6"
2784,"7"
2785,"7"
2786,"1"
2787,"2"
2788,"8"
2789,"6"
2790,"5"
2791,"8"
2792,"2"
2793,"8"
2794,"6"
2795,"5"
2796,"4"
2797,"9"
2798,"2"
2799,"1"
2800,"3"
2801,"8"
2802,"8"
2803,"7"
2804,"8"
2805,"2"
2806,"3"
2807,"9"
2808,"1"
2809,"7"
2810,"2"
2811,"4"
2812,"0"
2813,"1"
2814,"4"
2815,"9"
2816,"3"
2817,"7"
2818,"4"
2819,"9"
2820,"7"
2821,"7"
2822,"1"
2823,"2"
2824,"8"
2825,"1"
2826,"1"
2827,"3"
2828,"0"
2829,"2"
2830,"2"
2831,"7"
2832,"9"
2833,"7"
2834,"6"
2835,"5"
2836,"6"
2837,"7"
2838,"5"
2839,"1"
2840,"1"
2841,"2"
2842,"8"
2843,"2"
2844,"8"
2845,"3"
2846,"7"
2847,"4"
2848,"1"
2849,"4"
2850,"4"
2851,"4"
2852,"1"
2853,"4"
2854,"5"
2855,"9"
2856,"1"
2857,"3"
2858,"2"
2859,"3"
2860,"3"
2861,"1"
2862,"9"
2863,"1"
2864,"5"
2865,"0"
2866,"7"
2867,"8"
2868,"3"
2869,"8"
2870,"7"
2871,"5"
2872,"8"
2873,"3"
2874,"9"
2875,"7"
2876,"4"
2877,"6"
2878,"4"
2879,"8"
2880,"4"
2881,"4"
2882,"3"
2883,"6"
2884,"6"
2885,"2"
2886,"1"
2887,"9"
2888,"3"
2889,"8"
2890,"7"
2891,"2"
2892,"6"
2893,"4"
2894,"8"
2895,"8"
2896,"0"
2897,"1"
2898,"8"
2899,"2"
2900,"8"
2901,"3"
2902,"1"
2903,"3"
2904,"7"
2905,"4"
2906,"4"
2907,"9"
2908,"2"
2909,"3"
2910,"5"
2911,"5"
2912,"6"
2913,"8"
2914,"5"
2915,"3"
2916,"4"
2917,"8"
2918,"9"
2919,"9"
2920,"0"
2921,"9"
2922,"4"
2923,"4"
2924,"5"
2925,"0"
2926,"5"
2927,"1"
2928,"3"
2929,"3"
2930,"4"
2931,"7"
2932,"4"
2933,"4"
2934,"1"
2935,"5"
2936,"3"
2937,"8"
2938,"5"
2939,"7"
2940,"4"
2941,"6"
2942,"9"
2943,"3"
2944,"8"
2945,"5"
2946,"4"
2947,"3"
2948,"1"
2949,"9"
2950,"5"
2951,"8"
2952,"1"
2953,"1"
2954,"7"
2955,"7"
2956,"2"
2957,"8"
2958,"2"
2959,"0"
2960,"1"
2961,"3"
2962,"9"
2963,"2"
2964,"8"
2965,"8"
2966,"0"
2967,"1"
2968,"5"
2969,"4"
2970,"1"
2971,"7"
2972,"5"
2973,"8"
2974,"6"
2975,"1"
2976,"8"
2977,"7"
2978,"4"
2979,"3"
2980,"6"
2981,"1"
2982,"8"
2983,"2"
2984,"8"
2985,"1"
2986,"5"
2987,"3"
2988,"6"
2989,"2"
2990,"8"
2991,"7"
2992,"9"
2993,"2"
2994,"8"
2995,"6"
2996,"6"
2997,"8"
2998,"7"
2999,"6"
3000,"9"
3001,"5"
3002,"4"
3003,"0"
3004,"3"
3005,"1"
3006,"7"
3007,"1"
3008,"9"
3009,"1"
3010,"8"
3011,"7"
3012,"7"
3013,"1"
3014,"2"
3015,"4"
3016,"6"
3017,"3"
3018,"1"
3019,"4"
3020,"5"
3021,"6"
3022,"8"
3023,"8"
3024,"7"
3025,"8"
3026,"0"
3027,"2"
3028,"7"
3029,"4"
3030,"0"
3031,"2"
3032,"2"
3033,"8"
3034,"4"
3035,"2"
3036,"7"
3037,"1"
3038,"8"
3039,"9"
3040,"1"
3041,"9"
3042,"1"
3043,"6"
3044,"7"
3045,"8"
3046,"2"
3047,"7"
3048,"5"
3049,"5"
3050,"2"
3051,"1"
3052,"7"
3053,"6"
3054,"5"
3055,"1"
3056,"8"
3057,"7"
3058,"2"
3059,"3"
3060,"3"
3061,"9"
3062,"2"
3063,"1"
3064,"3"
3065,"9"
3066,"2"
3067,"5"
3068,"8"
3069,"0"
3070,"3"
3071,"0"
3072,"7"
3073,"1"
3074,"3"
3075,"1"
3076,"9"
3077,"4"
3078,"3"
3079,"0"
3080,"3"
3081,"8"
3082,"0"
3083,"1"
3084,"4"
3085,"7"
3086,"1"
3087,"2"
3088,"0"
3089,"2"
3090,"3"
3091,"3"
3092,"8"
3093,"8"
3094,"9"
3095,"2"
3096,"5"
3097,"2"
3098,"4"
3099,"4"
3100,"3"
3101,"6"
3102,"4"
3103,"2"
3104,"9"
3105,"5"
3106,"7"
3107,"9"
3108,"2"
3109,"4"
3110,"2"
3111,"3"
3112,"6"
3113,"6"
3114,"7"
3115,"9"
3116,"1"
3117,"0"
3118,"1"
3119,"5"
3120,"9"
3121,"6"
3122,"8"
3123,"3"
3124,"0"
3125,"6"
3126,"1"
3127,"2"
3128,"7"
3129,"3"
3130,"5"
3131,"4"
3132,"9"
3133,"1"
3134,"4"
3135,"7"
3136,"2"
3137,"3"
3138,"7"
3139,"3"
3140,"0"
3141,"6"
3142,"5"
3143,"1"
3144,"7"
3145,"2"
3146,"1"
3147,"5"
3148,"3"
3149,"4"
3150,"3"
3151,"4"
3152,"6"
3153,"5"
3154,"9"
3155,"9"
3156,"1"
3157,"4"
3158,"4"
3159,"2"
3160,"3"
3161,"8"
3162,"4"
3163,"4"
3164,"3"
3165,"0"
3166,"7"
3167,"1"
3168,"4"
3169,"0"
3170,"2"
3171,"7"
3172,"4"
3173,"5"
3174,"1"
3175,"1"
3176,"7"
3177,"1"
3178,"6"
3179,"1"
3180,"0"
3181,"3"
3182,"3"
3183,"4"
3184,"3"
3185,"3"
3186,"9"
3187,"6"
3188,"9"
3189,"8"
3190,"7"
3191,"5"
3192,"3"
3193,"0"
3194,"9"
3195,"9"
3196,"7"
3197,"7"
3198,"8"
3199,"4"
3200,"8"
3201,"2"
3202,"5"
3203,"4"
3204,"3"
3205,"4"
3206,"7"
3207,"5"
3208,"2"
3209,"6"
3210,"3"
3211,"5"
3212,"5"
3213,"9"
3214,"1"
3215,"4"
3216,"6"
3217,"7"
3218,"4"
3219,"9"
3220,"2"
3221,"5"
3222,"7"
3223,"7"
3224,"9"
3225,"5"
3226,"7"
3227,"1"
3228,"7"
3229,"9"
3230,"7"
3231,"0"
3232,"3"
3233,"3"
3234,"1"
3235,"9"
3236,"6"
3237,"1"
3238,"8"
3239,"1"
3240,"7"
3241,"1"
3242,"2"
3243,"1"
3244,"2"
3245,"8"
3246,"8"
3247,"6"
3248,"5"
3249,"2"
3250,"6"
3251,"6"
3252,"9"
3253,"1"
3254,"4"
3255,"4"
3256,"9"
3257,"1"
3258,"5"
3259,"8"
3260,"9"
3261,"7"
3262,"0"
3263,"9"
3264,"6"
3265,"8"
3266,"2"
3267,"8"
3268,"6"
3269,"1"
3270,"4"
3271,"4"
3272,"2"
3273,"6"
3274,"9"
3275,"5"
3276,"4"
3277,"8"
3278,"7"
3279,"9"
3280,"9"
3281,"2"
3282,"1"
3283,"0"
3284,"0"
3285,"3"
3286,"2"
3287,"6"
3288,"3"
3289,"2"
3290,"4"
3291,"3"
3292,"4"
3293,"6"
3294,"7"
3295,"4"
3296,"8"
3297,"5"
3298,"9"
3299,"3"
3300,"9"
3301,"1"
3302,"1"
3303,"6"
3304,"5"
3305,"7"
3306,"6"
3307,"3"
3308,"4"
3309,"0"
3310,"1"
3311,"5"
3312,"8"
3313,"8"
3314,"3"
3315,"1"
3316,"9"
3317,"8"
3318,"0"
3319,"0"
3320,"2"
3321,"1"
3322,"9"
3323,"7"
3324,"9"
3325,"6"
3326,"3"
3327,"6"
3328,"8"
3329,"0"
3330,"1"
3331,"4"
3332,"4"
3333,"9"
3334,"1"
3335,"4"
3336,"8"
3337,"0"
3338,"9"
3339,"6"
3340,"3"
3341,"8"
3342,"9"
3343,"3"
3344,"5"
3345,"6"
3346,"2"
3347,"3"
3348,"0"
3349,"1"
3350,"3"
3351,"7"
3352,"2"
3353,"0"
3354,"7"
3355,"7"
3356,"3"
3357,"6"
3358,"0"
3359,"7"
3360,"0"
3361,"7"
3362,"9"
3363,"9"
3364,"1"
3365,"8"
3366,"3"
3367,"9"
3368,"9"
3369,"6"
3370,"5"
3371,"9"
3372,"7"
3373,"7"
3374,"7"
3375,"0"
3376,"1"
3377,"1"
3378,"0"
3379,"3"
3380,"7"
3381,"4"
3382,"4"
3383,"0"
3384,"0"
3385,"9"
3386,"0"
3387,"9"
3388,"3"
3389,"6"
3390,"0"
3391,"3"
3392,"8"
3393,"3"
3394,"7"
3395,"3"
3396,"8"
3397,"1"
3398,"4"
3399,"7"
3400,"2"
3401,"7"
3402,"7"
3403,"4"
3404,"6"
3405,"1"
3406,"7"
3407,"8"
3408,"7"
3409,"6"
3410,"0"
3411,"8"
3412,"4"
3413,"2"
3414,"6"
3415,"6"
3416,"0"
3417,"0"
3418,"6"
3419,"3"
3420,"0"
3421,"5"
3422,"9"
3423,"2"
3424,"1"
3425,"1"
3426,"0"
3427,"9"
3428,"3"
3429,"6"
3430,"7"
3431,"2"
3432,"3"
3433,"1"
3434,"6"
3435,"0"
3436,"4"
3437,"8"
3438,"4"
3439,"4"
3440,"7"
3441,"4"
3442,"3"
3443,"3"
3444,"9"
3445,"1"
3446,"3"
3447,"4"
3448,"4"
3449,"0"
3450,"3"
3451,"8"
3452,"2"
3453,"3"
3454,"0"
3455,"1"
3456,"8"
3457,"5"
3458,"1"
3459,"4"
3460,"2"
3461,"5"
3462,"9"
3463,"0"
3464,"0"
3465,"0"
3466,"7"
3467,"9"
3468,"3"
3469,"8"
3470,"3"
3471,"3"
3472,"4"
3473,"6"
3474,"1"
3475,"3"
3476,"3"
3477,"6"
3478,"6"
3479,"7"
3480,"0"
3481,"1"
3482,"3"
3483,"2"
3484,"3"
3485,"5"
3486,"8"
3487,"0"
3488,"6"
3489,"3"
3490,"8"
3491,"3"
3492,"7"
3493,"5"
3494,"3"
3495,"5"
3496,"4"
3497,"3"
3498,"9"
3499,"2"
3500,"7"
3501,"7"
3502,"9"
3503,"7"
3504,"3"
3505,"4"
3506,"3"
3507,"6"
3508,"9"
3509,"7"
3510,"5"
3511,"1"
3512,"1"
3513,"3"
3514,"3"
3515,"3"
3516,"8"
3517,"5"
3518,"6"
3519,"5"
3520,"5"
3521,"3"
3522,"4"
3523,"6"
3524,"5"
3525,"8"
3526,"4"
3527,"5"
3528,"1"
3529,"8"
3530,"6"
3531,"6"
3532,"8"
3533,"2"
3534,"0"
3535,"1"
3536,"8"
3537,"7"
3538,"7"
3539,"1"
3540,"2"
3541,"6"
3542,"7"
3543,"0"
3544,"1"
3545,"3"
3546,"2"
3547,"1"
3548,"4"
3549,"0"
3550,"9"
3551,"4"
3552,"3"
3553,"3"
3554,"8"
3555,"3"
3556,"2"
3557,"1"
3558,"1"
3559,"2"
3560,"4"
3561,"7"
3562,"7"
3563,"9"
3564,"7"
3565,"1"
3566,"9"
3567,"0"
3568,"1"
3569,"6"
3570,"6"
3571,"0"
3572,"4"
3573,"0"
3574,"0"
3575,"1"
3576,"4"
3577,"1"
3578,"3"
3579,"2"
3580,"5"
3581,"9"
3582,"6"
3583,"0"
3584,"5"
3585,"1"
3586,"2"
3587,"9"
3588,"1"
3589,"7"
3590,"3"
3591,"9"
3592,"2"
3593,"0"
3594,"7"
3595,"7"
3596,"4"
3597,"3"
3598,"8"
3599,"5"
3600,"0"
3601,"4"
3602,"2"
3603,"1"
3604,"8"
3605,"2"
3606,"9"
3607,"3"
3608,"9"
3609,"7"
3610,"8"
3611,"0"
3612,"6"
3613,"7"
3614,"5"
3615,"9"
3616,"1"
3617,"6"
3618,"0"
3619,"1"
3620,"8"
3621,"9"
3622,"3"
3623,"0"
3624,"9"
3625,"6"
3626,"3"
3627,"8"
3628,"6"
3629,"1"
3630,"4"
3631,"6"
3632,"7"
3633,"8"
3634,"6"
3635,"1"
3636,"1"
3637,"9"
3638,"0"
3639,"2"
3640,"1"
3641,"3"
3642,"0"
3643,"3"
3644,"0"
3645,"1"
3646,"4"
3647,"6"
3648,"6"
3649,"3"
3650,"5"
3651,"5"
3652,"1"
3653,"8"
3654,"8"
3655,"4"
3656,"8"
3657,"3"
3658,"0"
3659,"0"
3660,"3"
3661,"6"
3662,"1"
3663,"4"
3664,"1"
3665,"3"
3666,"1"
3667,"3"
3668,"1"
3669,"1"
3670,"9"
3671,"3"
3672,"2"
3673,"8"
3674,"5"
3675,"7"
3676,"3"
3677,"7"
3678,"1"
3679,"1"
3680,"4"
3681,"0"
3682,"3"
3683,"3"
3684,"4"
3685,"4"
3686,"5"
3687,"6"
3688,"4"
3689,"1"
3690,"9"
3691,"9"
3692,"9"
3693,"9"
3694,"5"
3695,"6"
3696,"0"
3697,"8"
3698,"2"
3699,"3"
3700,"8"
3701,"8"
3702,"2"
3703,"0"
3704,"9"
3705,"5"
3706,"2"
3707,"7"
3708,"1"
3709,"6"
3710,"8"
3711,"1"
3712,"6"
3713,"1"
3714,"4"
3715,"7"
3716,"6"
3717,"2"
3718,"4"
3719,"2"
3720,"7"
3721,"6"
3722,"1"
3723,"0"
3724,"4"
3725,"3"
3726,"7"
3727,"3"
3728,"9"
3729,"8"
3730,"7"
3731,"9"
3732,"4"
3733,"5"
3734,"5"
3735,"7"
3736,"3"
3737,"9"
3738,"0"
3739,"3"
3740,"4"
3741,"2"
3742,"1"
3743,"3"
3744,"8"
3745,"0"
3746,"4"
3747,"7"
3748,"2"
3749,"5"
3750,"0"
3751,"6"
3752,"4"
3753,"3"
3754,"0"
3755,"1"
3756,"5"
3757,"6"
3758,"5"
3759,"1"
3760,"6"
3761,"3"
3762,"4"
3763,"7"
3764,"5"
3765,"9"
3766,"5"
3767,"3"
3768,"5"
3769,"3"
3770,"0"
3771,"3"
3772,"7"
3773,"7"
3774,"8"
3775,"6"
3776,"7"
3777,"1"
3778,"3"
3779,"7"
3780,"0"
3781,"1"
3782,"9"
3783,"1"
3784,"0"
3785,"0"
3786,"1"
3787,"9"
3788,"1"
3789,"0"
3790,"1"
3791,"6"
3792,"8"
3793,"3"
3794,"2"
3795,"4"
3796,"1"
3797,"6"
3798,"3"
3799,"3"
3800,"2"
3801,"7"
3802,"7"
3803,"4"
3804,"3"
3805,"8"
3806,"9"
3807,"7"
3808,"8"
3809,"4"
3810,"1"
3811,"4"
3812,"0"
3813,"6"
3814,"7"
3815,"5"
3816,"6"
3817,"2"
3818,"4"
3819,"2"
3820,"0"
3821,"6"
3822,"7"
3823,"4"
3824,"7"
3825,"9"
3826,"9"
3827,"8"
3828,"4"
3829,"6"
3830,"1"
3831,"0"
3832,"1"
3833,"8"
3834,"0"
3835,"9"
3836,"1"
3837,"3"
3838,"6"
3839,"8"
3840,"1"
3841,"2"
3842,"5"
3843,"2"
3844,"4"
3845,"0"
3846,"4"
3847,"0"
3848,"1"
3849,"9"
3850,"3"
3851,"4"
3852,"3"
3853,"4"
3854,"0"
3855,"7"
3856,"4"
3857,"3"
3858,"9"
3859,"7"
3860,"8"
3861,"9"
3862,"1"
3863,"3"
3864,"0"
3865,"2"
3866,"1"
3867,"1"
3868,"1"
3869,"1"
3870,"9"
3871,"2"
3872,"3"
3873,"4"
3874,"5"
3875,"9"
3876,"8"
3877,"7"
3878,"4"
3879,"3"
3880,"7"
3881,"1"
3882,"8"
3883,"9"
3884,"6"
3885,"2"
3886,"3"
3887,"4"
3888,"2"
3889,"7"
3890,"0"
3891,"0"
3892,"1"
3893,"2"
3894,"6"
3895,"3"
3896,"8"
3897,"4"
3898,"1"
3899,"0"
3900,"2"
3901,"7"
3902,"2"
3903,"2"
3904,"8"
3905,"3"
3906,"2"
3907,"5"
3908,"2"
3909,"4"
3910,"7"
3911,"3"
3912,"7"
3913,"9"
3914,"5"
3915,"4"
3916,"1"
3917,"0"
3918,"9"
3919,"9"
3920,"3"
3921,"5"
3922,"4"
3923,"8"
3924,"1"
3925,"1"
3926,"7"
3927,"9"
3928,"3"
3929,"6"
3930,"1"
3931,"1"
3932,"3"
3933,"8"
3934,"2"
3935,"7"
3936,"0"
3937,"0"
3938,"4"
3939,"8"
3940,"1"
3941,"9"
3942,"3"
3943,"7"
3944,"7"
3945,"3"
3946,"6"
3947,"7"
3948,"5"
3949,"4"
3950,"2"
3951,"2"
3952,"2"
3953,"6"
3954,"3"
3955,"9"
3956,"0"
3957,"2"
3958,"7"
3959,"2"
3960,"2"
3961,"8"
3962,"8"
3963,"7"
3964,"1"
3965,"0"
3966,"5"
3967,"8"
3968,"4"
3969,"1"
3970,"8"
3971,"4"
3972,"4"
3973,"4"
3974,"4"
3975,"0"
3976,"5"
3977,"7"
3978,"3"
3979,"1"
3980,"0"
3981,"1"
3982,"0"
3983,"1"
3984,"9"
3985,"0"
3986,"1"
3987,"7"
3988,"0"
3989,"7"
3990,"9"
3991,"3"
3992,"8"
3993,"4"
3994,"7"
3995,"1"
3996,"7"
3997,"0"
3998,"7"
3999,"3"
4000,"5"
4001,"2"
4002,"6"
4003,"4"
4004,"1"
4005,"3"
4006,"0"
4007,"4"
4008,"0"
4009,"4"
4010,"4"
4011,"0"
4012,"6"
4013,"3"
4014,"8"
4015,"7"
4016,"5"
4017,"6"
4018,"5"
4019,"2"
4020,"0"
4021,"6"
4022,"3"
4023,"2"
4024,"6"
4025,"2"
4026,"4"
4027,"9"
4028,"3"
4029,"9"
4030,"6"
4031,"2"
4032,"5"
4033,"0"
4034,"1"
4035,"8"
4036,"0"
4037,"0"
4038,"2"
4039,"6"
4040,"2"
4041,"0"
4042,"3"
4043,"8"
4044,"4"
4045,"7"
4046,"5"
4047,"4"
4048,"1"
4049,"4"
4050,"0"
4051,"2"
4052,"5"
4053,"1"
4054,"4"
4055,"7"
4056,"5"
4057,"6"
4058,"7"
4059,"0"
4060,"6"
4061,"5"
4062,"7"
4063,"4"
4064,"6"
4065,"6"
4066,"1"
4067,"4"
4068,"0"
4069,"5"
4070,"6"
4071,"4"
4072,"6"
4073,"1"
4074,"2"
4075,"0"
4076,"6"
4077,"9"
4078,"3"
4079,"3"
4080,"8"
4081,"1"
4082,"1"
4083,"5"
4084,"6"
4085,"6"
4086,"3"
4087,"1"
4088,"4"
4089,"2"
4090,"9"
4091,"2"
4092,"2"
4093,"8"
4094,"7"
4095,"3"
4096,"8"
4097,"6"
4098,"3"
4099,"1"
4100,"5"
4101,"2"
4102,"2"
4103,"7"
4104,"8"
4105,"2"
4106,"1"
4107,"1"
4108,"7"
4109,"0"
4110,"8"
4111,"5"
4112,"0"
4113,"1"
4114,"3"
4115,"7"
4116,"6"
4117,"8"
4118,"9"
4119,"5"
4120,"4"
4121,"5"
4122,"1"
4123,"2"
4124,"5"
4125,"7"
4126,"5"
4127,"5"
4128,"1"
4129,"2"
4130,"8"
4131,"9"
4132,"0"
4133,"5"
4134,"8"
4135,"4"
4136,"1"
4137,"5"
4138,"5"
4139,"3"
4140,"3"
4141,"2"
4142,"1"
4143,"7"
4144,"8"
4145,"7"
4146,"7"
4147,"9"
4148,"3"
4149,"4"
4150,"9"
4151,"2"
4152,"0"
4153,"2"
4154,"1"
4155,"2"
4156,"8"
4157,"0"
4158,"2"
4159,"0"
4160,"2"
4161,"4"
4162,"5"
4163,"9"
4164,"0"
4165,"9"
4166,"2"
4167,"8"
4168,"0"
4169,"0"
4170,"7"
4171,"1"
4172,"1"
4173,"5"
4174,"5"
4175,"1"
4176,"7"
4177,"7"
4178,"2"
4179,"6"
4180,"4"
4181,"1"
4182,"4"
4183,"1"
4184,"4"
4185,"3"
4186,"4"
4187,"3"
4188,"7"
4189,"7"
4190,"8"
4191,"6"
4192,"9"
4193,"9"
4194,"2"
4195,"0"
4196,"0"
4197,"1"
4198,"9"
4199,"4"
4200,"0"
4201,"2"
4202,"3"
4203,"4"
4204,"4"
4205,"1"
4206,"3"
4207,"5"
4208,"1"
4209,"9"
4210,"2"
4211,"2"
4212,"6"
4213,"2"
4214,"5"
4215,"5"
4216,"6"
4217,"5"
4218,"2"
4219,"7"
4220,"8"
4221,"3"
4222,"7"
4223,"7"
4224,"3"
4225,"9"
4226,"7"
4227,"3"
4228,"5"
4229,"9"
4230,"1"
4231,"4"
4232,"9"
4233,"8"
4234,"5"
4235,"6"
4236,"2"
4237,"0"
4238,"6"
4239,"8"
4240,"3"
4241,"8"
4242,"8"
4243,"4"
4244,"3"
4245,"5"
4246,"4"
4247,"6"
4248,"7"
4249,"7"
4250,"0"
4251,"0"
4252,"9"
4253,"3"
4254,"1"
4255,"3"
4256,"9"
4257,"0"
4258,"8"
4259,"6"
4260,"1"
4261,"3"
4262,"5"
4263,"8"
4264,"0"
4265,"8"
4266,"5"
4267,"3"
4268,"8"
4269,"9"
4270,"6"
4271,"9"
4272,"7"
4273,"6"
4274,"8"
4275,"8"
4276,"1"
4277,"0"
4278,"2"
4279,"8"
4280,"5"
4281,"3"
4282,"7"
4283,"3"
4284,"4"
4285,"0"
4286,"9"
4287,"3"
4288,"3"
4289,"3"
4290,"2"
4291,"7"
4292,"7"
4293,"0"
4294,"6"
4295,"4"
4296,"0"
4297,"4"
4298,"3"
4299,"8"
4300,"9"
4301,"6"
4302,"1"
4303,"6"
4304,"2"
4305,"9"
4306,"4"
4307,"0"
4308,"9"
4309,"9"
4310,"2"
4311,"0"
4312,"0"
4313,"9"
4314,"6"
4315,"9"
4316,"8"
4317,"2"
4318,"2"
4319,"2"
4320,"6"
4321,"4"
4322,"1"
4323,"7"
4324,"7"
4325,"9"
4326,"7"
4327,"0"
4328,"4"
4329,"8"
4330,"0"
4331,"6"
4332,"3"
4333,"6"
4334,"3"
4335,"3"
4336,"1"
4337,"7"
4338,"4"
4339,"9"
4340,"7"
4341,"2"
4342,"2"
4343,"4"
4344,"9"
4345,"8"
4346,"5"
4347,"5"
4348,"7"
4349,"7"
4350,"3"
4351,"9"
4352,"3"
4353,"4"
4354,"5"
4355,"0"
4356,"0"
4357,"3"
4358,"3"
4359,"7"
4360,"6"
4361,"9"
4362,"3"
4363,"4"
4364,"4"
4365,"7"
4366,"1"
4367,"9"
4368,"8"
4369,"8"
4370,"6"
4371,"0"
4372,"2"
4373,"8"
4374,"7"
4375,"1"
4376,"4"
4377,"3"
4378,"7"
4379,"5"
4380,"2"
4381,"1"
4382,"2"
4383,"1"
4384,"1"
4385,"1"
4386,"9"
4387,"5"
4388,"6"
4389,"6"
4390,"6"
4391,"1"
4392,"2"
4393,"0"
4394,"7"
4395,"0"
4396,"4"
4397,"7"
4398,"3"
4399,"1"
4400,"0"
4401,"9"
4402,"0"
4403,"2"
4404,"4"
4405,"3"
4406,"7"
4407,"1"
4408,"5"
4409,"9"
4410,"5"
4411,"8"
4412,"3"
4413,"4"
4414,"0"
4415,"8"
4416,"2"
4417,"2"
4418,"3"
4419,"9"
4420,"7"
4421,"8"
4422,"1"
4423,"7"
4424,"6"
4425,"6"
4426,"7"
4427,"3"
4428,"0"
4429,"8"
4430,"1"
4431,"2"
4432,"7"
4433,"9"
4434,"8"
4435,"8"
4436,"2"
4437,"2"
4438,"7"
4439,"2"
4440,"8"
4441,"4"
4442,"2"
4443,"4"
4444,"3"
4445,"0"
4446,"6"
4447,"2"
4448,"8"
4449,"4"
4450,"4"
4451,"3"
4452,"7"
4453,"7"
4454,"0"
4455,"7"
4456,"4"
4457,"6"
4458,"6"
4459,"3"
4460,"2"
4461,"8"
4462,"6"
4463,"0"
4464,"6"
4465,"1"
4466,"5"
4467,"1"
4468,"1"
4469,"8"
4470,"7"
4471,"1"
4472,"7"
4473,"7"
4474,"6"
4475,"7"
4476,"0"
4477,"8"
4478,"4"
4479,"6"
4480,"1"
4481,"1"
4482,"9"
4483,"4"
4484,"3"
4485,"3"
4486,"4"
4487,"4"
4488,"8"
4489,"1"
4490,"1"
4491,"5"
4492,"4"
4493,"9"
4494,"9"
4495,"1"
4496,"4"
4497,"2"
4498,"7"
4499,"6"
4500,"6"
4501,"6"
4502,"1"
4503,"7"
4504,"7"
4505,"7"
4506,"8"
4507,"9"
4508,"8"
4509,"9"
4510,"1"
4511,"5"
4512,"4"
4513,"2"
4514,"2"
4515,"1"
4516,"2"
4517,"9"
4518,"1"
4519,"4"
4520,"7"
4521,"2"
4522,"2"
4523,"1"
4524,"7"
4525,"3"
4526,"5"
4527,"0"
4528,"3"
4529,"6"
4530,"0"
4531,"7"
4532,"2"
4533,"9"
4534,"2"
4535,"3"
4536,"4"
4537,"3"
4538,"4"
4539,"2"
4540,"0"
4541,"1"
4542,"0"
4543,"3"
4544,"5"
4545,"6"
4546,"1"
4547,"4"
4548,"6"
4549,"7"
4550,"2"
4551,"1"
4552,"6"
4553,"0"
4554,"1"
4555,"3"
4556,"0"
4557,"2"
4558,"8"
4559,"9"
4560,"2"
4561,"8"
4562,"7"
4563,"1"
4564,"6"
4565,"6"
4566,"9"
4567,"7"
4568,"2"
4569,"5"
4570,"8"
4571,"1"
4572,"8"
4573,"6"
4574,"6"
4575,"3"
4576,"8"
4577,"7"
4578,"7"
4579,"2"
4580,"5"
4581,"7"
4582,"1"
4583,"7"
4584,"1"
4585,"4"
4586,"8"
4587,"5"
4588,"9"
4589,"5"
4590,"0"
4591,"0"
4592,"2"
4593,"6"
4594,"4"
4595,"5"
4596,"6"
4597,"1"
4598,"6"
4599,"1"
4600,"7"
4601,"4"
4602,"3"
4603,"6"
4604,"2"
4605,"5"
4606,"7"
4607,"6"
4608,"9"
4609,"2"
4610,"6"
4611,"7"
4612,"0"
4613,"6"
4614,"1"
4615,"7"
4616,"1"
4617,"4"
4618,"9"
4619,"7"
4620,"3"
4621,"5"
4622,"3"
4623,"4"
4624,"5"
4625,"4"
4626,"8"
4627,"5"
4628,"8"
4629,"4"
4630,"5"
4631,"0"
4632,"8"
4633,"6"
4634,"8"
4635,"0"
4636,"2"
4637,"3"
4638,"8"
4639,"3"
4640,"8"
4641,"2"
4642,"8"
4643,"4"
4644,"1"
4645,"1"
4646,"5"
4647,"6"
4648,"9"
4649,"2"
4650,"3"
4651,"8"
4652,"9"
4653,"5"
4654,"1"
4655,"9"
4656,"6"
4657,"9"
4658,"0"
4659,"4"
4660,"7"
4661,"1"
4662,"6"
4663,"2"
4664,"5"
4665,"0"
4666,"1"
4667,"8"
4668,"6"
4669,"4"
4670,"4"
4671,"7"
4672,"9"
4673,"5"
4674,"7"
4675,"7"
4676,"3"
4677,"6"
4678,"9"
4679,"4"
4680,"6"
4681,"2"
4682,"9"
4683,"1"
4684,"2"
4685,"2"
4686,"8"
4687,"4"
4688,"5"
4689,"9"
4690,"5"
4691,"7"
4692,"9"
4693,"9"
4694,"3"
4695,"8"
4696,"0"
4697,"5"
4698,"6"
4699,"7"
4700,"6"
4701,"8"
4702,"2"
4703,"2"
4704,"3"
4705,"3"
4706,"3"
4707,"3"
4708,"1"
4709,"0"
4710,"1"
4711,"0"
4712,"5"
4713,"2"
4714,"3"
4715,"7"
4716,"4"
4717,"9"
4718,"0"
4719,"7"
4720,"2"
4721,"9"
4722,"1"
4723,"5"
4724,"7"
4725,"0"
4726,"0"
4727,"0"
4728,"4"
4729,"0"
4730,"9"
4731,"1"
4732,"4"
4733,"0"
4734,"5"
4735,"2"
4736,"4"
4737,"8"
4738,"0"
4739,"9"
4740,"1"
4741,"3"
4742,"1"
4743,"1"
4744,"9"
4745,"1"
4746,"8"
4747,"9"
4748,"7"
4749,"6"
4750,"7"
4751,"2"
4752,"0"
4753,"0"
4754,"9"
4755,"9"
4756,"0"
4757,"0"
4758,"7"
4759,"8"
4760,"6"
4761,"8"
4762,"2"
4763,"1"
4764,"3"
4765,"9"
4766,"0"
4767,"6"
4768,"3"
4769,"0"
4770,"6"
4771,"2"
4772,"0"
4773,"5"
4774,"3"
4775,"1"
4776,"2"
4777,"4"
4778,"5"
4779,"2"
4780,"3"
4781,"8"
4782,"8"
4783,"9"
4784,"8"
4785,"6"
4786,"6"
4787,"2"
4788,"5"
4789,"9"
4790,"8"
4791,"3"
4792,"2"
4793,"6"
4794,"6"
4795,"3"
4796,"2"
4797,"9"
4798,"9"
4799,"2"
4800,"0"
4801,"0"
4802,"8"
4803,"3"
4804,"3"
4805,"7"
4806,"9"
4807,"8"
4808,"5"
4809,"2"
4810,"1"
4811,"9"
4812,"3"
4813,"5"
4814,"9"
4815,"3"
4816,"1"
4817,"3"
4818,"5"
4819,"0"
4820,"9"
4821,"3"
4822,"7"
4823,"9"
4824,"2"
4825,"9"
4826,"6"
4827,"5"
4828,"5"
4829,"9"
4830,"6"
4831,"8"
4832,"0"
4833,"8"
4834,"4"
4835,"6"
4836,"0"
4837,"9"
4838,"1"
4839,"2"
4840,"9"
4841,"4"
4842,"3"
4843,"4"
4844,"7"
4845,"6"
4846,"7"
4847,"2"
4848,"7"
4849,"4"
4850,"6"
4851,"8"
4852,"3"
4853,"0"
4854,"5"
4855,"1"
4856,"7"
4857,"5"
4858,"8"
4859,"7"
4860,"8"
4861,"8"
4862,"5"
4863,"1"
4864,"2"
4865,"5"
4866,"1"
4867,"5"
4868,"1"
4869,"7"
4870,"2"
4871,"9"
4872,"1"
4873,"3"
4874,"4"
4875,"3"
4876,"2"
4877,"0"
4878,"1"
4879,"5"
4880,"1"
4881,"6"
4882,"1"
4883,"1"
4884,"0"
4885,"4"
4886,"3"
4887,"2"
4888,"7"
4889,"5"
4890,"8"
4891,"0"
4892,"5"
4893,"9"
4894,"7"
4895,"5"
4896,"7"
4897,"7"
4898,"9"
4899,"9"
4900,"9"
4901,"0"
4902,"0"
4903,"6"
4904,"4"
4905,"0"
4906,"3"
4907,"9"
4908,"0"
4909,"4"
4910,"2"
4911,"3"
4912,"3"
4913,"2"
4914,"4"
4915,"5"
4916,"5"
4917,"2"
4918,"1"
4919,"2"
4920,"5"
4921,"0"
4922,"8"
4923,"4"
4924,"4"
4925,"3"
4926,"7"
4927,"5"
4928,"4"
4929,"4"
4930,"2"
4931,"5"
4932,"9"
4933,"0"
4934,"7"
4935,"0"
4936,"4"
4937,"8"
4938,"9"
4939,"0"
4940,"2"
4941,"0"
4942,"5"
4943,"2"
4944,"1"
4945,"0"
4946,"2"
4947,"9"
4948,"8"
4949,"5"
4950,"4"
4951,"9"
4952,"1"
4953,"3"
4954,"3"
4955,"8"
4956,"3"
4957,"1"
4958,"8"
4959,"1"
4960,"2"
4961,"6"
4962,"2"
4963,"8"
4964,"6"
4965,"2"
4966,"9"
4967,"9"
4968,"9"
4969,"2"
4970,"8"
4971,"7"
4972,"0"
4973,"7"
4974,"5"
4975,"5"
4976,"9"
4977,"2"
4978,"9"
4979,"0"
4980,"5"
4981,"6"
4982,"5"
4983,"4"
4984,"3"
4985,"8"
4986,"6"
4987,"0"
4988,"1"
4989,"1"
4990,"6"
4991,"3"
4992,"4"
4993,"6"
4994,"8"
4995,"4"
4996,"9"
4997,"4"
4998,"5"
4999,"4"
5000,"1"
5001,"0"
5002,"4"
5003,"5"
5004,"5"
5005,"5"
5006,"1"
5007,"1"
5008,"4"
5009,"1"
5010,"0"
5011,"1"
5012,"4"
5013,"5"
5014,"3"
5015,"2"
5016,"3"
5017,"6"
5018,"0"
5019,"7"
5020,"5"
5021,"9"
5022,"4"
5023,"0"
5024,"7"
5025,"7"
5026,"0"
5027,"5"
5028,"4"
5029,"1"
5030,"5"
5031,"5"
5032,"2"
5033,"6"
5034,"6"
5035,"4"
5036,"5"
5037,"6"
5038,"0"
5039,"9"
5040,"8"
5041,"3"
5042,"7"
5043,"1"
5044,"2"
5045,"5"
5046,"7"
5047,"5"
5048,"5"
5049,"4"
5050,"7"
5051,"6"
5052,"8"
5053,"9"
5054,"7"
5055,"1"
5056,"4"
5057,"2"
5058,"1"
5059,"9"
5060,"9"
5061,"0"
5062,"2"
5063,"3"
5064,"3"
5065,"8"
5066,"5"
5067,"3"
5068,"2"
5069,"6"
5070,"6"
5071,"8"
5072,"9"
5073,"7"
5074,"2"
5075,"1"
5076,"4"
5077,"4"
5078,"3"
5079,"4"
5080,"0"
5081,"5"
5082,"2"
5083,"1"
5084,"2"
5085,"9"
5086,"1"
5087,"3"
5088,"3"
5089,"7"
5090,"8"
5091,"0"
5092,"6"
5093,"2"
5094,"1"
5095,"0"
5096,"2"
5097,"7"
5098,"1"
5099,"8"
5100,"4"
5101,"4"
5102,"7"
5103,"5"
5104,"3"
5105,"3"
5106,"5"
5107,"1"
5108,"4"
5109,"7"
5110,"1"
5111,"4"
5112,"0"
5113,"8"
5114,"0"
5115,"4"
5116,"9"
5117,"3"
5118,"6"
5119,"7"
5120,"1"
5121,"8"
5122,"1"
5123,"0"
5124,"6"
5125,"9"
5126,"1"
5127,"0"
5128,"8"
5129,"0"
5130,"4"
5131,"7"
5132,"8"
5133,"8"
5134,"4"
5135,"4"
5136,"2"
5137,"6"
5138,"1"
5139,"2"
5140,"9"
5141,"9"
5142,"9"
5143,"4"
5144,"3"
5145,"5"
5146,"6"
5147,"6"
5148,"9"
5149,"4"
5150,"7"
5151,"4"
5152,"9"
5153,"9"
5154,"7"
5155,"3"
5156,"4"
5157,"0"
5158,"0"
5159,"2"
5160,"7"
5161,"4"
5162,"7"
5163,"8"
5164,"0"
5165,"5"
5166,"5"
5167,"4"
5168,"9"
5169,"1"
5170,"3"
5171,"1"
5172,"3"
5173,"4"
5174,"9"
5175,"6"
5176,"3"
5177,"1"
5178,"9"
5179,"1"
5180,"1"
5181,"9"
5182,"8"
5183,"2"
5184,"4"
5185,"3"
5186,"6"
5187,"4"
5188,"9"
5189,"6"
5190,"5"
5191,"0"
5192,"0"
5193,"3"
5194,"2"
5195,"4"
5196,"4"
5197,"0"
5198,"5"
5199,"8"
5200,"7"
5201,"7"
5202,"5"
5203,"7"
5204,"4"
5205,"6"
5206,"0"
5207,"7"
5208,"1"
5209,"2"
5210,"3"
5211,"9"
5212,"4"
5213,"9"
5214,"9"
5215,"9"
5216,"4"
5217,"6"
5218,"8"
5219,"9"
5220,"6"
5221,"6"
5222,"4"
5223,"4"
5224,"8"
5225,"7"
5226,"4"
5227,"8"
5228,"4"
5229,"2"
5230,"1"
5231,"6"
5232,"2"
5233,"3"
5234,"1"
5235,"4"
5236,"4"
5237,"7"
5238,"2"
5239,"1"
5240,"6"
5241,"7"
5242,"5"
5243,"0"
5244,"7"
5245,"5"
5246,"2"
5247,"9"
5248,"9"
5249,"4"
5250,"1"
5251,"2"
5252,"5"
5253,"0"
5254,"9"
5255,"0"
5256,"4"
5257,"9"
5258,"8"
5259,"3"
5260,"8"
5261,"9"
5262,"0"
5263,"2"
5264,"9"
5265,"6"
5266,"4"
5267,"6"
5268,"7"
5269,"3"
5270,"7"
5271,"7"
5272,"3"
5273,"1"
5274,"9"
5275,"9"
5276,"6"
5277,"4"
5278,"6"
5279,"8"
5280,"5"
5281,"6"
5282,"5"
5283,"9"
5284,"7"
5285,"1"
5286,"0"
5287,"2"
5288,"6"
5289,"1"
5290,"6"
5291,"4"
5292,"6"
5293,"8"
5294,"7"
5295,"2"
5296,"5"
5297,"2"
5298,"3"
5299,"7"
5300,"1"
5301,"6"
5302,"0"
5303,"9"
5304,"6"
5305,"6"
5306,"3"
5307,"9"
5308,"1"
5309,"5"
5310,"8"
5311,"9"
5312,"2"
5313,"3"
5314,"6"
5315,"9"
5316,"3"
5317,"8"
5318,"8"
5319,"3"
5320,"5"
5321,"1"
5322,"0"
5323,"1"
5324,"2"
5325,"9"
5326,"6"
5327,"9"
5328,"2"
5329,"4"
5330,"9"
5331,"5"
5332,"1"
5333,"1"
5334,"9"
5335,"5"
5336,"0"
5337,"6"
5338,"3"
5339,"7"
5340,"2"
5341,"0"
5342,"9"
5343,"0"
5344,"6"
5345,"5"
5346,"2"
5347,"4"
5348,"4"
5349,"4"
5350,"3"
5351,"3"
5352,"2"
5353,"2"
5354,"5"
5355,"8"
5356,"6"
5357,"2"
5358,"3"
5359,"4"
5360,"0"
5361,"5"
5362,"6"
5363,"1"
5364,"2"
5365,"2"
5366,"6"
5367,"4"
5368,"2"
5369,"5"
5370,"2"
5371,"6"
5372,"6"
5373,"1"
5374,"7"
5375,"7"
5376,"5"
5377,"9"
5378,"7"
5379,"2"
5380,"6"
5381,"3"
5382,"0"
5383,"0"
5384,"4"
5385,"9"
5386,"1"
5387,"8"
5388,"5"
5389,"6"
5390,"1"
5391,"3"
5392,"8"
5393,"2"
5394,"8"
5395,"9"
5396,"1"
5397,"0"
5398,"6"
5399,"6"
5400,"4"
5401,"0"
5402,"7"
5403,"6"
5404,"5"
5405,"9"
5406,"8"
5407,"1"
5408,"8"
5409,"8"
5410,"9"
5411,"2"
5412,"6"
5413,"2"
5414,"2"
5415,"7"
5416,"3"
5417,"3"
5418,"7"
5419,"6"
5420,"2"
5421,"3"
5422,"8"
5423,"4"
5424,"3"
5425,"5"
5426,"5"
5427,"8"
5428,"9"
5429,"2"
5430,"7"
5431,"1"
5432,"8"
5433,"3"
5434,"9"
5435,"9"
5436,"2"
5437,"0"
5438,"5"
5439,"1"
5440,"8"
5441,"7"
5442,"9"
5443,"7"
5444,"1"
5445,"0"
5446,"6"
5447,"8"
5448,"1"
5449,"8"
5450,"4"
5451,"9"
5452,"2"
5453,"4"
5454,"9"
5455,"3"
5456,"5"
5457,"1"
5458,"6"
5459,"7"
5460,"4"
5461,"7"
5462,"8"
5463,"3"
5464,"3"
5465,"7"
5466,"5"
5467,"5"
5468,"3"
5469,"9"
5470,"2"
5471,"2"
5472,"1"
5473,"7"
5474,"8"
5475,"8"
5476,"2"
5477,"9"
5478,"5"
5479,"1"
5480,"0"
5481,"9"
5482,"1"
5483,"2"
5484,"8"
5485,"6"
5486,"8"
5487,"9"
5488,"0"
5489,"2"
5490,"8"
5491,"7"
5492,"0"
5493,"5"
5494,"1"
5495,"2"
5496,"4"
5497,"4"
5498,"0"
5499,"7"
5500,"7"
5501,"5"
5502,"4"
5503,"9"
5504,"2"
5505,"2"
5506,"6"
5507,"4"
5508,"4"
5509,"8"
5510,"2"
5511,"1"
5512,"3"
5513,"0"
5514,"3"
5515,"7"
5516,"7"
5517,"4"
5518,"5"
5519,"5"
5520,"3"
5521,"8"
5522,"2"
5523,"8"
5524,"0"
5525,"3"
5526,"6"
5527,"2"
5528,"9"
5529,"8"
5530,"6"
5531,"1"
5532,"8"
5533,"0"
5534,"5"
5535,"9"
5536,"8"
5537,"3"
5538,"5"
5539,"1"
5540,"3"
5541,"4"
5542,"1"
5543,"3"
5544,"7"
5545,"6"
5546,"4"
5547,"1"
5548,"3"
5549,"0"
5550,"0"
5551,"3"
5552,"8"
5553,"7"
5554,"1"
5555,"3"
5556,"5"
5557,"9"
5558,"7"
5559,"7"
5560,"0"
5561,"6"
5562,"1"
5563,"5"
5564,"5"
5565,"1"
5566,"3"
5567,"8"
5568,"5"
5569,"8"
5570,"5"
5571,"7"
5572,"4"
5573,"5"
5574,"2"
5575,"8"
5576,"6"
5577,"4"
5578,"3"
5579,"5"
5580,"4"
5581,"7"
5582,"8"
5583,"3"
5584,"5"
5585,"5"
5586,"8"
5587,"4"
5588,"4"
5589,"5"
5590,"8"
5591,"1"
5592,"8"
5593,"0"
5594,"0"
5595,"1"
5596,"0"
5597,"1"
5598,"6"
5599,"0"
5600,"0"
5601,"4"
5602,"2"
5603,"6"
5604,"3"
5605,"6"
5606,"3"
5607,"4"
5608,"1"
5609,"9"
5610,"7"
5611,"6"
5612,"6"
5613,"5"
5614,"1"
5615,"9"
5616,"5"
5617,"6"
5618,"8"
5619,"6"
5620,"7"
5621,"5"
5622,"1"
5623,"4"
5624,"4"
5625,"7"
5626,"2"
5627,"9"
5628,"9"
5629,"3"
5630,"0"
5631,"2"
5632,"6"
5633,"7"
5634,"4"
5635,"0"
5636,"3"
5637,"9"
5638,"2"
5639,"6"
5640,"4"
5641,"9"
5642,"4"
5643,"4"
5644,"9"
5645,"7"
5646,"0"
5647,"7"
5648,"2"
5649,"3"
5650,"3"
5651,"7"
5652,"3"
5653,"6"
5654,"1"
5655,"1"
5656,"4"
5657,"6"
5658,"6"
5659,"9"
5660,"8"
5661,"8"
5662,"5"
5663,"8"
5664,"9"
5665,"9"
5666,"5"
5667,"4"
5668,"4"
5669,"3"
5670,"8"
5671,"1"
5672,"0"
5673,"5"
5674,"5"
5675,"2"
5676,"0"
5677,"9"
5678,"3"
5679,"1"
5680,"1"
5681,"2"
5682,"8"
5683,"1"
5684,"0"
5685,"7"
5686,"5"
5687,"5"
5688,"5"
5689,"5"
5690,"3"
5691,"4"
5692,"6"
5693,"2"
5694,"9"
5695,"5"
5696,"1"
5697,"1"
5698,"3"
5699,"0"
5700,"0"
5701,"1"
5702,"3"
5703,"5"
5704,"6"
5705,"2"
5706,"6"
5707,"4"
5708,"0"
5709,"7"
5710,"4"
5711,"5"
5712,"0"
5713,"4"
5714,"5"
5715,"4"
5716,"0"
5717,"9"
5718,"7"
5719,"1"
5720,"8"
5721,"0"
5722,"2"
5723,"7"
5724,"3"
5725,"8"
5726,"0"
5727,"3"
5728,"8"
5729,"1"
5730,"5"
5731,"3"
5732,"7"
5733,"9"
5734,"1"
5735,"8"
5736,"6"
5737,"7"
5738,"2"
5739,"9"
5740,"7"
5741,"5"
5742,"2"
5743,"1"
5744,"5"
5745,"5"
5746,"9"
5747,"2"
5748,"9"
5749,"2"
5750,"9"
5751,"2"
5752,"3"
5753,"0"
5754,"3"
5755,"4"
5756,"0"
5757,"4"
5758,"9"
5759,"0"
5760,"4"
5761,"6"
5762,"1"
5763,"8"
5764,"5"
5765,"1"
5766,"9"
5767,"6"
5768,"9"
5769,"1"
5770,"6"
5771,"0"
5772,"0"
5773,"1"
5774,"2"
5775,"1"
5776,"9"
5777,"2"
5778,"4"
5779,"3"
5780,"5"
5781,"5"
5782,"4"
5783,"2"
5784,"7"
5785,"6"
5786,"2"
5787,"7"
5788,"1"
5789,"8"
5790,"4"
5791,"0"
5792,"1"
5793,"7"
5794,"7"
5795,"8"
5796,"7"
5797,"1"
5798,"1"
5799,"1"
5800,"0"
5801,"9"
5802,"9"
5803,"2"
5804,"1"
5805,"0"
5806,"8"
5807,"8"
5808,"5"
5809,"6"
5810,"6"
5811,"5"
5812,"9"
5813,"7"
5814,"4"
5815,"4"
5816,"7"
5817,"4"
5818,"7"
5819,"3"
5820,"9"
5821,"2"
5822,"6"
5823,"3"
5824,"6"
5825,"1"
5826,"3"
5827,"6"
5828,"0"
5829,"1"
5830,"4"
5831,"2"
5832,"1"
5833,"6"
5834,"1"
5835,"1"
5836,"7"
5837,"0"
5838,"5"
5839,"7"
5840,"5"
5841,"1"
5842,"2"
5843,"1"
5844,"3"
5845,"7"
5846,"0"
5847,"1"
5848,"8"
5849,"9"
5850,"1"
5851,"9"
5852,"0"
5853,"3"
5854,"0"
5855,"6"
5856,"9"
5857,"9"
5858,"3"
5859,"0"
5860,"1"
5861,"6"
5862,"3"
5863,"2"
5864,"6"
5865,"5"
5866,"8"
5867,"4"
5868,"7"
5869,"4"
5870,"8"
5871,"9"
5872,"0"
5873,"6"
5874,"2"
5875,"8"
5876,"6"
5877,"2"
5878,"0"
5879,"4"
5880,"9"
5881,"5"
5882,"1"
5883,"9"
5884,"7"
5885,"1"
5886,"0"
5887,"7"
5888,"7"
5889,"6"
5890,"5"
5891,"8"
5892,"2"
5893,"2"
5894,"6"
5895,"4"
5896,"6"
5897,"4"
5898,"0"
5899,"1"
5900,"0"
5901,"3"
5902,"1"
5903,"2"
5904,"1"
5905,"6"
5906,"0"
5907,"6"
5908,"2"
5909,"8"
5910,"4"
5911,"7"
5912,"4"
5913,"8"
5914,"8"
5915,"3"
5916,"0"
5917,"1"
5918,"0"
5919,"9"
5920,"3"
5921,"7"
5922,"2"
5923,"0"
5924,"9"
5925,"0"
5926,"8"
5927,"3"
5928,"3"
5929,"7"
5930,"7"
5931,"8"
5932,"8"
5933,"4"
5934,"4"
5935,"2"
5936,"9"
5937,"7"
5938,"5"
5939,"0"
5940,"3"
5941,"1"
5942,"0"
5943,"7"
5944,"5"
5945,"6"
5946,"0"
5947,"7"
5948,"7"
5949,"3"
5950,"4"
5951,"0"
5952,"1"
5953,"8"
5954,"9"
5955,"1"
5956,"3"
5957,"6"
5958,"6"
5959,"0"
5960,"1"
5961,"4"
5962,"3"
5963,"8"
5964,"3"
5965,"5"
5966,"7"
5967,"3"
5968,"5"
5969,"0"
5970,"8"
5971,"8"
5972,"3"
5973,"0"
5974,"2"
5975,"4"
5976,"7"
5977,"9"
5978,"3"
5979,"1"
5980,"3"
5981,"4"
5982,"9"
5983,"0"
5984,"1"
5985,"3"
5986,"0"
5987,"8"
5988,"0"
5989,"8"
5990,"1"
5991,"0"
5992,"5"
5993,"3"
5994,"5"
5995,"8"
5996,"7"
5997,"7"
5998,"2"
5999,"5"
6000,"3"
6001,"8"
6002,"0"
6003,"3"
6004,"3"
6005,"5"
6006,"2"
6007,"1"
6008,"8"
6009,"7"
6010,"1"
6011,"7"
6012,"2"
6013,"9"
6014,"9"
6015,"1"
6016,"8"
6017,"8"
6018,"3"
6019,"7"
6020,"1"
6021,"5"
6022,"7"
6023,"2"
6024,"0"
6025,"1"
6026,"9"
6027,"6"
6028,"8"
6029,"9"
6030,"0"
6031,"4"
6032,"4"
6033,"6"
6034,"3"
6035,"9"
6036,"8"
6037,"7"
6038,"9"
6039,"1"
6040,"8"
6041,"5"
6042,"5"
6043,"9"
6044,"1"
6045,"3"
6046,"2"
6047,"1"
6048,"8"
6049,"8"
6050,"0"
6051,"1"
6052,"3"
6053,"5"
6054,"5"
6055,"1"
6056,"6"
6057,"8"
6058,"9"
6059,"2"
6060,"8"
6061,"7"
6062,"0"
6063,"2"
6064,"4"
6065,"8"
6066,"6"
6067,"0"
6068,"8"
6069,"1"
6070,"1"
6071,"4"
6072,"5"
6073,"9"
6074,"9"
6075,"4"
6076,"6"
6077,"8"
6078,"4"
6079,"6"
6080,"3"
6081,"8"
6082,"9"
6083,"5"
6084,"5"
6085,"1"
6086,"3"
6087,"0"
6088,"3"
6089,"0"
6090,"1"
6091,"9"
6092,"5"
6093,"5"
6094,"2"
6095,"8"
6096,"4"
6097,"5"
6098,"8"
6099,"5"
6100,"7"
6101,"7"
6102,"8"
6103,"4"
6104,"0"
6105,"3"
6106,"6"
6107,"9"
6108,"9"
6109,"3"
6110,"3"
6111,"0"
6112,"8"
6113,"8"
6114,"5"
6115,"2"
6116,"8"
6117,"9"
6118,"7"
6119,"4"
6120,"9"
6121,"4"
6122,"6"
6123,"1"
6124,"6"
6125,"5"
6126,"3"
6127,"6"
6128,"9"
6129,"9"
6130,"4"
6131,"9"
6132,"1"
6133,"4"
6134,"9"
6135,"6"
6136,"8"
6137,"9"
6138,"4"
6139,"3"
6140,"4"
6141,"8"
6142,"5"
6143,"3"
6144,"7"
6145,"1"
6146,"4"
6147,"2"
6148,"7"
6149,"5"
6150,"8"
6151,"3"
6152,"2"
6153,"5"
6154,"7"
6155,"5"
6156,"2"
6157,"9"
6158,"3"
6159,"5"
6160,"4"
6161,"3"
6162,"4"
6163,"1"
6164,"5"
6165,"4"
6166,"6"
6167,"7"
6168,"7"
6169,"1"
6170,"5"
6171,"9"
6172,"8"
6173,"8"
6174,"6"
6175,"1"
6176,"7"
6177,"8"
6178,"2"
6179,"9"
6180,"9"
6181,"0"
6182,"6"
6183,"1"
6184,"2"
6185,"2"
6186,"1"
6187,"6"
6188,"4"
6189,"9"
6190,"1"
6191,"3"
6192,"7"
6193,"9"
6194,"2"
6195,"6"
6196,"5"
6197,"3"
6198,"2"
6199,"9"
6200,"0"
6201,"7"
6202,"9"
6203,"9"
6204,"0"
6205,"5"
6206,"2"
6207,"3"
6208,"3"
6209,"5"
6210,"2"
6211,"2"
6212,"3"
6213,"3"
6214,"8"
6215,"3"
6216,"4"
6217,"0"
6218,"8"
6219,"8"
6220,"1"
6221,"2"
6222,"4"
6223,"8"
6224,"1"
6225,"8"
6226,"1"
6227,"7"
6228,"4"
6229,"0"
6230,"3"
6231,"1"
6232,"4"
6233,"8"
6234,"1"
6235,"1"
6236,"1"
6237,"8"
6238,"0"
6239,"4"
6240,"4"
6241,"5"
6242,"6"
6243,"4"
6244,"5"
6245,"2"
6246,"7"
6247,"1"
6248,"1"
6249,"7"
6250,"2"
6251,"3"
6252,"7"
6253,"8"
6254,"7"
6255,"3"
6256,"4"
6257,"0"
6258,"3"
6259,"3"
6260,"9"
6261,"0"
6262,"4"
6263,"3"
6264,"1"
6265,"8"
6266,"7"
6267,"1"
6268,"8"
6269,"5"
6270,"6"
6271,"3"
6272,"5"
6273,"2"
6274,"9"
6275,"3"
6276,"2"
6277,"2"
6278,"6"
6279,"0"
6280,"9"
6281,"1"
6282,"1"
6283,"3"
6284,"9"
6285,"7"
6286,"1"
6287,"8"
6288,"0"
6289,"5"
6290,"0"
6291,"2"
6292,"3"
6293,"5"
6294,"1"
6295,"7"
6296,"7"
6297,"5"
6298,"2"
6299,"5"
6300,"0"
6301,"2"
6302,"4"
6303,"9"
6304,"0"
6305,"4"
6306,"9"
6307,"0"
6308,"2"
6309,"7"
6310,"1"
6311,"7"
6312,"6"
6313,"1"
6314,"2"
6315,"8"
6316,"3"
6317,"1"
6318,"7"
6319,"4"
6320,"3"
6321,"8"
6322,"9"
6323,"9"
6324,"6"
6325,"8"
6326,"1"
6327,"8"
6328,"8"
6329,"0"
6330,"3"
6331,"1"
6332,"3"
6333,"9"
6334,"3"
6335,"5"
6336,"7"
6337,"5"
6338,"0"
6339,"3"
6340,"5"
6341,"4"
6342,"0"
6343,"8"
6344,"0"
6345,"6"
6346,"1"
6347,"5"
6348,"4"
6349,"4"
6350,"7"
6351,"4"
6352,"4"
6353,"1"
6354,"3"
6355,"6"
6356,"1"
6357,"8"
6358,"7"
6359,"5"
6360,"7"
6361,"7"
6362,"5"
6363,"3"
6364,"7"
6365,"1"
6366,"0"
6367,"3"
6368,"2"
6369,"7"
6370,"2"
6371,"4"
6372,"5"
6373,"8"
6374,"2"
6375,"1"
6376,"5"
6377,"6"
6378,"1"
6379,"3"
6380,"7"
6381,"6"
6382,"6"
6383,"9"
6384,"5"
6385,"5"
6386,"1"
6387,"2"
6388,"0"
6389,"8"
6390,"2"
6391,"5"
6392,"9"
6393,"4"
6394,"0"
6395,"4"
6396,"9"
6397,"1"
6398,"5"
6399,"9"
6400,"0"
6401,"3"
6402,"1"
6403,"2"
6404,"8"
6405,"7"
6406,"7"
6407,"7"
6408,"7"
6409,"0"
6410,"5"
6411,"4"
6412,"2"
6413,"5"
6414,"6"
6415,"8"
6416,"5"
6417,"2"
6418,"5"
6419,"7"
6420,"8"
6421,"5"
6422,"7"
6423,"3"
6424,"0"
6425,"6"
6426,"1"
6427,"6"
6428,"6"
6429,"6"
6430,"8"
6431,"3"
6432,"4"
6433,"7"
6434,"6"
6435,"7"
6436,"1"
6437,"9"
6438,"5"
6439,"3"
6440,"8"
6441,"3"
6442,"8"
6443,"8"
6444,"4"
6445,"9"
6446,"5"
6447,"1"
6448,"1"
6449,"9"
6450,"2"
6451,"0"
6452,"8"
6453,"4"
6454,"4"
6455,"9"
6456,"2"
6457,"7"
6458,"6"
6459,"0"
6460,"4"
6461,"5"
6462,"2"
6463,"1"
6464,"2"
6465,"6"
6466,"4"
6467,"9"
6468,"4"
6469,"6"
6470,"5"
6471,"3"
6472,"4"
6473,"3"
6474,"1"
6475,"6"
6476,"0"
6477,"7"
6478,"3"
6479,"9"
6480,"6"
6481,"3"
6482,"7"
6483,"0"
6484,"3"
6485,"9"
6486,"0"
6487,"0"
6488,"7"
6489,"7"
6490,"3"
6491,"8"
6492,"4"
6493,"9"
6494,"3"
6495,"9"
6496,"3"
6497,"1"
6498,"7"
6499,"7"
6500,"8"
6501,"5"
6502,"5"
6503,"8"
6504,"7"
6505,"8"
6506,"7"
6507,"5"
6508,"0"
6509,"3"
6510,"7"
6511,"9"
6512,"1"
6513,"8"
6514,"8"
6515,"3"
6516,"2"
6517,"0"
6518,"0"
6519,"6"
6520,"2"
6521,"6"
6522,"9"
6523,"7"
6524,"7"
6525,"2"
6526,"6"
6527,"9"
6528,"6"
6529,"1"
6530,"5"
6531,"0"
6532,"8"
6533,"1"
6534,"8"
6535,"1"
6536,"3"
6537,"1"
6538,"0"
6539,"4"
6540,"6"
6541,"9"
6542,"2"
6543,"2"
6544,"9"
6545,"7"
6546,"0"
6547,"5"
6548,"1"
6549,"7"
6550,"8"
6551,"7"
6552,"4"
6553,"7"
6554,"3"
6555,"5"
6556,"2"
6557,"1"
6558,"8"
6559,"1"
6560,"1"
6561,"2"
6562,"2"
6563,"0"
6564,"9"
6565,"2"
6566,"9"
6567,"6"
6568,"5"
6569,"0"
6570,"4"
6571,"6"
6572,"7"
6573,"2"
6574,"7"
6575,"4"
6576,"8"
6577,"1"
6578,"2"
6579,"2"
6580,"1"
6581,"5"
6582,"3"
6583,"3"
6584,"1"
6585,"7"
6586,"3"
6587,"9"
6588,"6"
6589,"8"
6590,"0"
6591,"3"
6592,"1"
6593,"5"
6594,"1"
6595,"8"
6596,"0"
6597,"2"
6598,"8"
6599,"8"
6600,"2"
6601,"1"
6602,"1"
6603,"8"
6604,"7"
6605,"3"
6606,"2"
6607,"4"
6608,"2"
6609,"3"
6610,"0"
6611,"3"
6612,"5"
6613,"2"
6614,"5"
6615,"2"
6616,"9"
6617,"5"
6618,"2"
6619,"6"
6620,"6"
6621,"5"
6622,"1"
6623,"1"
6624,"3"
6625,"1"
6626,"5"
6627,"5"
6628,"8"
6629,"6"
6630,"5"
6631,"6"
6632,"8"
6633,"8"
6634,"9"
6635,"9"
6636,"2"
6637,"9"
6638,"8"
6639,"4"
6640,"0"
6641,"1"
6642,"6"
6643,"9"
6644,"0"
6645,"2"
6646,"7"
6647,"4"
6648,"2"
6649,"0"
6650,"7"
6651,"6"
6652,"2"
6653,"3"
6654,"6"
6655,"4"
6656,"9"
6657,"2"
6658,"1"
6659,"8"
6660,"3"
6661,"6"
6662,"8"
6663,"1"
6664,"7"
6665,"7"
6666,"0"
6667,"0"
6668,"7"
6669,"7"
6670,"7"
6671,"0"
6672,"2"
6673,"1"
6674,"9"
6675,"5"
6676,"7"
6677,"9"
6678,"7"
6679,"5"
6680,"8"
6681,"8"
6682,"0"
6683,"7"
6684,"6"
6685,"1"
6686,"0"
6687,"0"
6688,"5"
6689,"4"
6690,"0"
6691,"6"
6692,"6"
6693,"8"
6694,"0"
6695,"7"
6696,"2"
6697,"0"
6698,"9"
6699,"6"
6700,"6"
6701,"2"
6702,"3"
6703,"1"
6704,"2"
6705,"7"
6706,"8"
6707,"5"
6708,"0"
6709,"7"
6710,"1"
6711,"9"
6712,"9"
6713,"1"
6714,"2"
6715,"7"
6716,"0"
6717,"3"
6718,"8"
6719,"3"
6720,"1"
6721,"8"
6722,"0"
6723,"0"
6724,"0"
6725,"2"
6726,"6"
6727,"1"
6728,"9"
6729,"3"
6730,"0"
6731,"4"
6732,"6"
6733,"6"
6734,"5"
6735,"8"
6736,"9"
6737,"1"
6738,"4"
6739,"7"
6740,"6"
6741,"9"
6742,"9"
6743,"7"
6744,"6"
6745,"7"
6746,"6"
6747,"8"
6748,"9"
6749,"2"
6750,"7"
6751,"8"
6752,"4"
6753,"8"
6754,"9"
6755,"8"
6756,"3"
6757,"3"
6758,"2"
6759,"4"
6760,"5"
6761,"0"
6762,"9"
6763,"9"
6764,"0"
6765,"5"
6766,"7"
6767,"0"
6768,"5"
6769,"2"
6770,"0"
6771,"7"
6772,"0"
6773,"7"
6774,"0"
6775,"9"
6776,"5"
6777,"0"
6778,"2"
6779,"6"
6780,"1"
6781,"9"
6782,"0"
6783,"4"
6784,"7"
6785,"7"
6786,"9"
6787,"7"
6788,"3"
6789,"0"
6790,"5"
6791,"7"
6792,"8"
6793,"6"
6794,"9"
6795,"0"
6796,"5"
6797,"0"
6798,"8"
6799,"1"
6800,"2"
6801,"9"
6802,"2"
6803,"0"
6804,"6"
6805,"7"
6806,"5"
6807,"0"
6808,"1"
6809,"9"
6810,"7"
6811,"9"
6812,"1"
6813,"8"
6814,"3"
6815,"1"
6816,"7"
6817,"1"
6818,"7"
6819,"3"
6820,"4"
6821,"5"
6822,"8"
6823,"1"
6824,"5"
6825,"3"
6826,"7"
6827,"2"
6828,"0"
6829,"9"
6830,"9"
6831,"7"
6832,"8"
6833,"2"
6834,"2"
6835,"8"
6836,"0"
6837,"6"
6838,"1"
6839,"6"
6840,"0"
6841,"4"
6842,"3"
6843,"0"
6844,"3"
6845,"4"
6846,"3"
6847,"9"
6848,"8"
6849,"9"
6850,"9"
6851,"5"
6852,"3"
6853,"4"
6854,"3"
6855,"6"
6856,"9"
6857,"5"
6858,"8"
6859,"3"
6860,"1"
6861,"8"
6862,"7"
6863,"5"
6864,"9"
6865,"5"
6866,"1"
6867,"4"
6868,"8"
6869,"3"
6870,"5"
6871,"5"
6872,"6"
6873,"5"
6874,"9"
6875,"0"
6876,"7"
6877,"3"
6878,"7"
6879,"3"
6880,"3"
6881,"2"
6882,"9"
6883,"6"
6884,"9"
6885,"8"
6886,"2"
6887,"6"
6888,"1"
6889,"9"
6890,"3"
6891,"5"
6892,"1"
6893,"0"
6894,"7"
6895,"9"
6896,"3"
6897,"4"
6898,"9"
6899,"0"
6900,"3"
6901,"2"
6902,"4"
6903,"7"
6904,"3"
6905,"5"
6906,"9"
6907,"2"
6908,"3"
6909,"3"
6910,"7"
6911,"3"
6912,"1"
6913,"8"
6914,"0"
6915,"7"
6916,"7"
6917,"2"
6918,"3"
6919,"8"
6920,"6"
6921,"4"
6922,"0"
6923,"8"
6924,"3"
6925,"4"
6926,"2"
6927,"0"
6928,"9"
6929,"3"
6930,"1"
6931,"5"
6932,"5"
6933,"2"
6934,"1"
6935,"4"
6936,"3"
6937,"3"
6938,"0"
6939,"7"
6940,"8"
6941,"2"
6942,"7"
6943,"7"
6944,"9"
6945,"8"
6946,"1"
6947,"1"
6948,"9"
6949,"1"
6950,"3"
6951,"4"
6952,"1"
6953,"2"
6954,"3"
6955,"7"
6956,"7"
6957,"5"
6958,"2"
6959,"3"
6960,"4"
6961,"7"
6962,"9"
6963,"5"
6964,"2"
6965,"8"
6966,"1"
6967,"6"
6968,"2"
6969,"7"
6970,"5"
6971,"3"
6972,"1"
6973,"2"
6974,"1"
6975,"0"
6976,"7"
6977,"1"
6978,"7"
6979,"7"
6980,"0"
6981,"2"
6982,"3"
6983,"3"
6984,"9"
6985,"7"
6986,"0"
6987,"9"
6988,"7"
6989,"2"
6990,"4"
6991,"4"
6992,"2"
6993,"9"
6994,"5"
6995,"5"
6996,"2"
6997,"0"
6998,"0"
6999,"7"
7000,"3"
7001,"0"
7002,"9"
7003,"7"
7004,"3"
7005,"3"
7006,"7"
7007,"5"
7008,"2"
7009,"8"
7010,"2"
7011,"0"
7012,"0"
7013,"7"
7014,"6"
7015,"0"
7016,"3"
7017,"3"
7018,"2"
7019,"8"
7020,"8"
7021,"7"
7022,"6"
7023,"0"
7024,"3"
7025,"9"
7026,"4"
7027,"0"
7028,"4"
7029,"7"
7030,"6"
7031,"8"
7032,"1"
7033,"3"
7034,"0"
7035,"4"
7036,"2"
7037,"5"
7038,"3"
7039,"4"
7040,"7"
7041,"8"
7042,"6"
7043,"2"
7044,"2"
7045,"6"
7046,"4"
7047,"2"
7048,"6"
7049,"8"
7050,"6"
7051,"9"
7052,"3"
7053,"4"
7054,"6"
7055,"7"
7056,"8"
7057,"9"
7058,"7"
7059,"4"
7060,"8"
7061,"8"
7062,"7"
7063,"5"
7064,"5"
7065,"3"
7066,"0"
7067,"3"
7068,"1"
7069,"7"
7070,"4"
7071,"1"
7072,"6"
7073,"3"
7074,"5"
7075,"1"
7076,"7"
7077,"8"
7078,"3"
7079,"0"
7080,"9"
7081,"0"
7082,"1"
7083,"3"
7084,"3"
7085,"0"
7086,"6"
7087,"7"
7088,"8"
7089,"1"
7090,"2"
7091,"1"
7092,"1"
7093,"1"
7094,"2"
7095,"8"
7096,"7"
7097,"9"
7098,"2"
7099,"4"
7100,"6"
7101,"3"
7102,"5"
7103,"4"
7104,"2"
7105,"7"
7106,"3"
7107,"7"
7108,"6"
7109,"8"
7110,"2"
7111,"4"
7112,"7"
7113,"4"
7114,"6"
7115,"4"
7116,"4"
7117,"3"
7118,"0"
7119,"9"
7120,"7"
7121,"5"
7122,"4"
7123,"1"
7124,"3"
7125,"5"
7126,"6"
7127,"2"
7128,"5"
7129,"0"
7130,"3"
7131,"3"
7132,"6"
7133,"9"
7134,"3"
7135,"5"
7136,"5"
7137,"2"
7138,"6"
7139,"7"
7140,"7"
7141,"6"
7142,"3"
7143,"9"
7144,"4"
7145,"1"
7146,"3"
7147,"5"
7148,"1"
7149,"6"
7150,"0"
7151,"4"
7152,"0"
7153,"6"
7154,"2"
7155,"1"
7156,"2"
7157,"3"
7158,"1"
7159,"8"
7160,"5"
7161,"8"
7162,"0"
7163,"7"
7164,"9"
7165,"9"
7166,"9"
7167,"8"
7168,"2"
7169,"7"
7170,"9"
7171,"2"
7172,"9"
7173,"8"
7174,"3"
7175,"4"
7176,"1"
7177,"4"
7178,"2"
7179,"9"
7180,"8"
7181,"9"
7182,"6"
7183,"9"
7184,"6"
7185,"2"
7186,"0"
7187,"2"
7188,"8"
7189,"2"
7190,"0"
7191,"3"
7192,"6"
7193,"5"
7194,"4"
7195,"1"
7196,"2"
7197,"1"
7198,"0"
7199,"9"
7200,"9"
7201,"6"
7202,"4"
7203,"5"
7204,"0"
7205,"0"
7206,"2"
7207,"8"
7208,"2"
7209,"1"
7210,"4"
7211,"0"
7212,"0"
7213,"0"
7214,"4"
7215,"2"
7216,"2"
7217,"8"
7218,"2"
7219,"7"
7220,"6"
7221,"5"
7222,"8"
7223,"9"
7224,"3"
7225,"9"
7226,"1"
7227,"0"
7228,"2"
7229,"8"
7230,"2"
7231,"9"
7232,"5"
7233,"8"
7234,"7"
7235,"4"
7236,"3"
7237,"9"
7238,"7"
7239,"8"
7240,"6"
7241,"2"
7242,"5"
7243,"4"
7244,"9"
7245,"8"
7246,"5"
7247,"9"
7248,"0"
7249,"3"
7250,"7"
7251,"7"
7252,"2"
7253,"7"
7254,"5"
7255,"2"
7256,"1"
7257,"8"
7258,"1"
7259,"4"
7260,"2"
7261,"5"
7262,"1"
7263,"3"
7264,"8"
7265,"7"
7266,"0"
7267,"7"
7268,"5"
7269,"8"
7270,"1"
7271,"4"
7272,"6"
7273,"2"
7274,"8"
7275,"8"
7276,"0"
7277,"8"
7278,"5"
7279,"2"
7280,"5"
7281,"5"
7282,"3"
7283,"6"
7284,"6"
7285,"7"
7286,"8"
7287,"0"
7288,"0"
7289,"4"
7290,"2"
7291,"9"
7292,"4"
7293,"5"
7294,"5"
7295,"3"
7296,"0"
7297,"2"
7298,"5"
7299,"1"
7300,"0"
7301,"6"
7302,"3"
7303,"6"
7304,"9"
7305,"0"
7306,"9"
7307,"5"
7308,"0"
7309,"0"
7310,"0"
7311,"6"
7312,"5"
7313,"9"
7314,"1"
7315,"9"
7316,"2"
7317,"6"
7318,"5"
7319,"6"
7320,"7"
7321,"3"
7322,"6"
7323,"8"
7324,"1"
7325,"1"
7326,"4"
7327,"6"
7328,"6"
7329,"3"
7330,"1"
7331,"0"
7332,"0"
7333,"0"
7334,"6"
7335,"0"
7336,"0"
7337,"7"
7338,"3"
7339,"9"
7340,"3"
7341,"0"
7342,"8"
7343,"9"
7344,"8"
7345,"8"
7346,"9"
7347,"0"
7348,"3"
7349,"0"
7350,"2"
7351,"8"
7352,"5"
7353,"3"
7354,"1"
7355,"5"
7356,"5"
7357,"7"
7358,"6"
7359,"5"
7360,"8"
7361,"4"
7362,"6"
7363,"8"
7364,"8"
7365,"4"
7366,"3"
7367,"6"
7368,"4"
7369,"1"
7370,"6"
7371,"8"
7372,"4"
7373,"1"
7374,"0"
7375,"9"
7376,"0"
7377,"8"
7378,"7"
7379,"1"
7380,"3"
7381,"1"
7382,"3"
7383,"1"
7384,"3"
7385,"9"
7386,"4"
7387,"8"
7388,"9"
7389,"1"
7390,"0"
7391,"9"
7392,"5"
7393,"6"
7394,"5"
7395,"1"
7396,"2"
7397,"3"
7398,"9"
7399,"8"
7400,"0"
7401,"4"
7402,"6"
7403,"8"
7404,"8"
7405,"9"
7406,"2"
7407,"2"
7408,"7"
7409,"4"
7410,"7"
7411,"1"
7412,"5"
7413,"3"
7414,"1"
7415,"0"
7416,"5"
7417,"8"
7418,"2"
7419,"8"
7420,"3"
7421,"0"
7422,"3"
7423,"6"
7424,"2"
7425,"9"
7426,"1"
7427,"2"
7428,"0"
7429,"6"
7430,"3"
7431,"0"
7432,"6"
7433,"8"
7434,"3"
7435,"0"
7436,"3"
7437,"8"
7438,"7"
7439,"3"
7440,"5"
7441,"9"
7442,"3"
7443,"4"
7444,"7"
7445,"7"
7446,"2"
7447,"5"
7448,"8"
7449,"9"
7450,"8"
7451,"0"
7452,"6"
7453,"4"
7454,"8"
7455,"4"
7456,"5"
7457,"7"
7458,"6"
7459,"4"
7460,"3"
7461,"2"
7462,"4"
7463,"5"
7464,"4"
7465,"6"
7466,"0"
7467,"4"
7468,"7"
7469,"9"
7470,"4"
7471,"4"
7472,"2"
7473,"5"
7474,"6"
7475,"6"
7476,"2"
7477,"4"
7478,"6"
7479,"7"
7480,"1"
7481,"4"
7482,"0"
7483,"6"
7484,"5"
7485,"2"
7486,"6"
7487,"9"
7488,"7"
7489,"2"
7490,"1"
7491,"8"
7492,"8"
7493,"3"
7494,"5"
7495,"7"
7496,"1"
7497,"2"
7498,"7"
7499,"4"
7500,"1"
7501,"2"
7502,"1"
7503,"1"
7504,"7"
7505,"9"
7506,"7"
7507,"9"
7508,"8"
7509,"5"
7510,"0"
7511,"2"
7512,"1"
7513,"7"
7514,"0"
7515,"9"
7516,"5"
7517,"6"
7518,"2"
7519,"8"
7520,"3"
7521,"5"
7522,"0"
7523,"0"
7524,"0"
7525,"3"
7526,"4"
7527,"9"
7528,"1"
7529,"9"
7530,"2"
7531,"6"
7532,"9"
7533,"1"
7534,"3"
7535,"0"
7536,"9"
7537,"4"
7538,"1"
7539,"8"
7540,"7"
7541,"1"
7542,"1"
7543,"9"
7544,"8"
7545,"6"
7546,"4"
7547,"7"
7548,"9"
7549,"8"
7550,"8"
7551,"8"
7552,"7"
7553,"8"
7554,"3"
7555,"9"
7556,"5"
7557,"6"
7558,"0"
7559,"5"
7560,"0"
7561,"8"
7562,"6"
7563,"8"
7564,"2"
7565,"9"
7566,"6"
7567,"1"
7568,"4"
7569,"2"
7570,"7"
7571,"0"
7572,"2"
7573,"8"
7574,"1"
7575,"0"
7576,"8"
7577,"6"
7578,"0"
7579,"7"
7580,"5"
7581,"5"
7582,"4"
7583,"9"
7584,"1"
7585,"1"
7586,"1"
7587,"5"
7588,"3"
7589,"3"
7590,"7"
7591,"0"
7592,"8"
7593,"3"
7594,"7"
7595,"7"
7596,"3"
7597,"1"
7598,"7"
7599,"1"
7600,"5"
7601,"1"
7602,"2"
7603,"7"
7604,"3"
7605,"5"
7606,"2"
7607,"7"
7608,"8"
7609,"0"
7610,"7"
7611,"6"
7612,"9"
7613,"7"
7614,"3"
7615,"7"
7616,"1"
7617,"6"
7618,"9"
7619,"9"
7620,"8"
7621,"9"
7622,"8"
7623,"3"
7624,"9"
7625,"5"
7626,"6"
7627,"2"
7628,"9"
7629,"5"
7630,"1"
7631,"1"
7632,"8"
7633,"0"
7634,"5"
7635,"1"
7636,"6"
7637,"7"
7638,"3"
7639,"5"
7640,"1"
7641,"0"
7642,"2"
7643,"2"
7644,"0"
7645,"0"
7646,"0"
7647,"4"
7648,"2"
7649,"1"
7650,"7"
7651,"7"
7652,"9"
7653,"0"
7654,"9"
7655,"0"
7656,"3"
7657,"8"
7658,"2"
7659,"1"
7660,"0"
7661,"8"
7662,"5"
7663,"6"
7664,"5"
7665,"6"
7666,"9"
7667,"1"
7668,"2"
7669,"8"
7670,"0"
7671,"5"
7672,"6"
7673,"5"
7674,"9"
7675,"9"
7676,"7"
7677,"9"
7678,"4"
7679,"7"
7680,"8"
7681,"0"
7682,"7"
7683,"4"
7684,"1"
7685,"1"
7686,"1"
7687,"1"
7688,"9"
7689,"6"
7690,"9"
7691,"0"
7692,"2"
7693,"8"
7694,"4"
7695,"1"
7696,"4"
7697,"9"
7698,"2"
7699,"1"
7700,"1"
7701,"1"
7702,"5"
7703,"5"
7704,"8"
7705,"1"
7706,"3"
7707,"8"
7708,"5"
7709,"0"
7710,"7"
7711,"2"
7712,"4"
7713,"3"
7714,"6"
7715,"0"
7716,"9"
7717,"6"
7718,"3"
7719,"7"
7720,"5"
7721,"7"
7722,"8"
7723,"0"
7724,"9"
7725,"3"
7726,"3"
7727,"9"
7728,"5"
7729,"5"
7730,"3"
7731,"4"
7732,"4"
7733,"7"
7734,"3"
7735,"1"
7736,"6"
7737,"9"
7738,"9"
7739,"4"
7740,"2"
7741,"6"
7742,"3"
7743,"4"
7744,"3"
7745,"6"
7746,"7"
7747,"6"
7748,"3"
7749,"9"
7750,"3"
7751,"2"
7752,"6"
7753,"3"
7754,"7"
7755,"4"
7756,"0"
7757,"3"
7758,"3"
7759,"7"
7760,"6"
7761,"0"
7762,"8"
7763,"3"
7764,"1"
7765,"2"
7766,"9"
7767,"4"
7768,"0"
7769,"9"
7770,"2"
7771,"9"
7772,"2"
7773,"3"
7774,"5"
7775,"9"
7776,"7"
7777,"8"
7778,"9"
7779,"2"
7780,"6"
7781,"0"
7782,"4"
7783,"9"
7784,"0"
7785,"3"
7786,"5"
7787,"3"
7788,"8"
7789,"2"
7790,"4"
7791,"7"
7792,"7"
7793,"1"
7794,"3"
7795,"4"
7796,"7"
7797,"3"
7798,"2"
7799,"6"
7800,"3"
7801,"8"
7802,"4"
7803,"9"
7804,"4"
7805,"7"
7806,"5"
7807,"4"
7808,"5"
7809,"7"
7810,"8"
7811,"9"
7812,"0"
7813,"9"
7814,"4"
7815,"0"
7816,"3"
7817,"5"
7818,"8"
7819,"1"
7820,"0"
7821,"5"
7822,"0"
7823,"3"
7824,"8"
7825,"7"
7826,"8"
7827,"2"
7828,"8"
7829,"9"
7830,"0"
7831,"2"
7832,"8"
7833,"0"
7834,"5"
7835,"7"
7836,"4"
7837,"6"
7838,"8"
7839,"3"
7840,"7"
7841,"3"
7842,"5"
7843,"3"
7844,"4"
7845,"0"
7846,"3"
7847,"1"
7848,"7"
7849,"1"
7850,"0"
7851,"0"
7852,"1"
7853,"2"
7854,"3"
7855,"8"
7856,"4"
7857,"1"
7858,"6"
7859,"6"
7860,"9"
7861,"7"
7862,"5"
7863,"4"
7864,"1"
7865,"4"
7866,"8"
7867,"4"
7868,"3"
7869,"5"
7870,"9"
7871,"3"
7872,"7"
7873,"7"
7874,"6"
7875,"1"
7876,"7"
7877,"9"
7878,"6"
7879,"1"
7880,"7"
7881,"5"
7882,"4"
7883,"0"
7884,"6"
7885,"6"
7886,"8"
7887,"9"
7888,"2"
7889,"5"
7890,"8"
7891,"5"
7892,"4"
7893,"6"
7894,"1"
7895,"2"
7896,"8"
7897,"7"
7898,"6"
7899,"1"
7900,"2"
7901,"8"
7902,"8"
7903,"6"
7904,"0"
7905,"2"
7906,"0"
7907,"6"
7908,"2"
7909,"9"
7910,"6"
7911,"6"
7912,"1"
7913,"5"
7914,"5"
7915,"2"
7916,"8"
7917,"1"
7918,"2"
7919,"3"
7920,"0"
7921,"1"
7922,"2"
7923,"1"
7924,"3"
7925,"0"
7926,"9"
7927,"6"
7928,"5"
7929,"8"
7930,"8"
7931,"4"
7932,"4"
7933,"9"
7934,"3"
7935,"3"
7936,"7"
7937,"3"
7938,"8"
7939,"2"
7940,"7"
7941,"4"
7942,"6"
7943,"8"
7944,"8"
7945,"4"
7946,"3"
7947,"1"
7948,"1"
7949,"2"
7950,"0"
7951,"5"
7952,"0"
7953,"8"
7954,"4"
7955,"0"
7956,"8"
7957,"5"
7958,"7"
7959,"4"
7960,"3"
7961,"6"
7962,"8"
7963,"6"
7964,"5"
7965,"2"
7966,"2"
7967,"7"
7968,"5"
7969,"8"
7970,"1"
7971,"9"
7972,"3"
7973,"3"
7974,"9"
7975,"3"
7976,"0"
7977,"6"
7978,"6"
7979,"3"
7980,"5"
7981,"0"
7982,"1"
7983,"2"
7984,"6"
7985,"6"
7986,"7"
7987,"7"
7988,"1"
7989,"1"
7990,"6"
7991,"0"
7992,"0"
7993,"9"
7994,"9"
7995,"9"
7996,"0"
7997,"7"
7998,"7"
7999,"8"
8000,"7"
8001,"7"
8002,"1"
8003,"4"
8004,"7"
8005,"3"
8006,"8"
8007,"7"
8008,"2"
8009,"1"
8010,"3"
8011,"2"
8012,"5"
8013,"2"
8014,"1"
8015,"0"
8016,"3"
8017,"2"
8018,"9"
8019,"8"
8020,"3"
8021,"7"
8022,"2"
8023,"8"
8024,"2"
8025,"0"
8026,"6"
8027,"3"
8028,"3"
8029,"4"
8030,"5"
8031,"5"
8032,"0"
8033,"2"
8034,"6"
8035,"8"
8036,"6"
8037,"7"
8038,"6"
8039,"6"
8040,"4"
8041,"9"
8042,"2"
8043,"8"
8044,"0"
8045,"0"
8046,"0"
8047,"8"
8048,"5"
8049,"8"
8050,"6"
8051,"6"
8052,"6"
8053,"6"
8054,"0"
8055,"3"
8056,"6"
8057,"1"
8058,"6"
8059,"7"
8060,"3"
8061,"3"
8062,"2"
8063,"8"
8064,"6"
8065,"7"
8066,"0"
8067,"7"
8068,"6"
8069,"0"
8070,"0"
8071,"8"
8072,"2"
8073,"8"
8074,"2"
8075,"0"
8076,"2"
8077,"1"
8078,"3"
8079,"3"
8080,"4"
8081,"3"
8082,"6"
8083,"7"
8084,"0"
8085,"7"
8086,"4"
8087,"6"
8088,"6"
8089,"7"
8090,"2"
8091,"4"
8092,"6"
8093,"0"
8094,"8"
8095,"7"
8096,"7"
8097,"9"
8098,"7"
8099,"5"
8100,"6"
8101,"3"
8102,"4"
8103,"3"
8104,"7"
8105,"7"
8106,"5"
8107,"4"
8108,"8"
8109,"1"
8110,"8"
8111,"9"
8112,"7"
8113,"8"
8114,"3"
8115,"6"
8116,"2"
8117,"5"
8118,"3"
8119,"9"
8120,"0"
8121,"1"
8122,"1"
8123,"2"
8124,"3"
8125,"5"
8126,"5"
8127,"6"
8128,"4"
8129,"6"
8130,"6"
8131,"0"
8132,"3"
8133,"2"
8134,"6"
8135,"4"
8136,"9"
8137,"2"
8138,"7"
8139,"2"
8140,"8"
8141,"8"
8142,"8"
8143,"5"
8144,"8"
8145,"0"
8146,"7"
8147,"9"
8148,"2"
8149,"3"
8150,"6"
8151,"6"
8152,"9"
8153,"6"
8154,"2"
8155,"8"
8156,"1"
8157,"4"
8158,"0"
8159,"9"
8160,"6"
8161,"7"
8162,"4"
8163,"5"
8164,"1"
8165,"4"
8166,"9"
8167,"3"
8168,"0"
8169,"4"
8170,"7"
8171,"6"
8172,"6"
8173,"8"
8174,"1"
8175,"6"
8176,"3"
8177,"7"
8178,"4"
8179,"6"
8180,"6"
8181,"6"
8182,"5"
8183,"4"
8184,"0"
8185,"1"
8186,"7"
8187,"6"
8188,"0"
8189,"0"
8190,"8"
8191,"2"
8192,"3"
8193,"6"
8194,"1"
8195,"0"
8196,"2"
8197,"6"
8198,"7"
8199,"2"
8200,"7"
8201,"3"
8202,"3"
8203,"3"
8204,"0"
8205,"4"
8206,"6"
8207,"9"
8208,"7"
8209,"3"
8210,"4"
8211,"4"
8212,"0"
8213,"5"
8214,"7"
8215,"8"
8216,"8"
8217,"0"
8218,"8"
8219,"1"
8220,"7"
8221,"9"
8222,"5"
8223,"6"
8224,"2"
8225,"4"
8226,"9"
8227,"2"
8228,"6"
8229,"3"
8230,"1"
8231,"6"
8232,"4"
8233,"7"
8234,"2"
8235,"7"
8236,"2"
8237,"1"
8238,"8"
8239,"0"
8240,"7"
8241,"8"
8242,"1"
8243,"9"
8244,"7"
8245,"1"
8246,"9"
8247,"3"
8248,"7"
8249,"6"
8250,"1"
8251,"3"
8252,"7"
8253,"3"
8254,"0"
8255,"3"
8256,"6"
8257,"3"
8258,"6"
8259,"6"
8260,"5"
8261,"9"
8262,"5"
8263,"7"
8264,"3"
8265,"7"
8266,"2"
8267,"8"
8268,"7"
8269,"6"
8270,"9"
8271,"6"
8272,"0"
8273,"6"
8274,"0"
8275,"9"
8276,"5"
8277,"5"
8278,"6"
8279,"9"
8280,"9"
8281,"2"
8282,"9"
8283,"1"
8284,"9"
8285,"6"
8286,"9"
8287,"4"
8288,"2"
8289,"7"
8290,"2"
8291,"6"
8292,"4"
8293,"7"
8294,"4"
8295,"0"
8296,"7"
8297,"6"
8298,"7"
8299,"9"
8300,"2"
8301,"7"
8302,"4"
8303,"7"
8304,"8"
8305,"5"
8306,"9"
8307,"5"
8308,"1"
8309,"7"
8310,"3"
8311,"4"
8312,"1"
8313,"3"
8314,"3"
8315,"0"
8316,"1"
8317,"1"
8318,"0"
8319,"2"
8320,"3"
8321,"4"
8322,"8"
8323,"4"
8324,"7"
8325,"6"
8326,"3"
8327,"4"
8328,"2"
8329,"0"
8330,"5"
8331,"5"
8332,"5"
8333,"5"
8334,"1"
8335,"0"
8336,"6"
8337,"8"
8338,"2"
8339,"7"
8340,"5"
8341,"6"
8342,"9"
8343,"5"
8344,"1"
8345,"4"
8346,"6"
8347,"3"
8348,"3"
8349,"3"
8350,"3"
8351,"8"
8352,"0"
8353,"5"
8354,"1"
8355,"6"
8356,"8"
8357,"2"
8358,"0"
8359,"3"
8360,"3"
8361,"9"
8362,"1"
8363,"3"
8364,"3"
8365,"9"
8366,"6"
8367,"3"
8368,"4"
8369,"7"
8370,"2"
8371,"2"
8372,"9"
8373,"6"
8374,"7"
8375,"3"
8376,"1"
8377,"5"
8378,"7"
8379,"1"
8380,"3"
8381,"1"
8382,"0"
8383,"5"
8384,"5"
8385,"6"
8386,"5"
8387,"5"
8388,"1"
8389,"1"
8390,"4"
8391,"7"
8392,"4"
8393,"2"
8394,"6"
8395,"0"
8396,"9"
8397,"4"
8398,"6"
